,split0_test_rmse,split1_test_rmse,split2_test_rmse,split3_test_rmse,split4_test_rmse,mean_test_rmse,std_test_rmse,rank_test_rmse,split0_test_mae,split1_test_mae,split2_test_mae,split3_test_mae,split4_test_mae,mean_test_mae,std_test_mae,rank_test_mae,mean_fit_time,std_fit_time,mean_test_time,std_test_time,params,param_k,param_sim_options,param_verbose
0,0.9984496836237109,1.0031339617411124,1.0042724305108546,0.9927565004216898,1.0085511533833496,1.0014327459361434,0.005400103059577651,85,0.7703881484052814,0.7730342019795886,0.7749646215237017,0.7635813856769598,0.7757298714853148,0.7715396458141692,0.004385932024365645,82,13.537601327896118,2.40334314690364,1.805165433883667,0.2746650444149214,"{'k': 20, 'sim_options': {'name': 'msd', 'min_support': 1, 'user_based': True}, 'verbose': False}",20,"{'name': 'msd', 'min_support': 1, 'user_based': True}",False
1,0.9639080502289868,0.9741874632895753,0.9751143697950835,0.9616592299118483,0.9734289562734115,0.9696596138997811,0.005684194798161193,54,0.7267560993491322,0.7325779944351567,0.734490712201778,0.7235449986542958,0.7318433360738507,0.7298426281428426,0.004056514355124943,45,25.130046987533568,0.2515972707707618,2.681923770904541,0.186496174395695,"{'k': 20, 'sim_options': {'name': 'msd', 'min_support': 1, 'user_based': False}, 'verbose': False}",20,"{'name': 'msd', 'min_support': 1, 'user_based': False}",False
2,0.9919264172489285,0.9956670050523425,1.0003685754369398,0.9866611474921726,1.0049710922618644,0.9959188474984495,0.006378889359512752,79,0.76851716431568,0.7699948013140469,0.7732784826966165,0.7624458719506282,0.775470350883297,0.7699413342320537,0.00447033910338114,79,13.499081802368163,0.5890906711410892,1.4078136444091798,0.17045160175827032,"{'k': 20, 'sim_options': {'name': 'msd', 'min_support': 2, 'user_based': True}, 'verbose': False}",20,"{'name': 'msd', 'min_support': 2, 'user_based': True}",False
3,0.9549530627042907,0.9565677303999407,0.9617492393005216,0.9493363271132658,0.9639862060088715,0.9573185131053782,0.00517617207509739,39,0.72622801523318,0.7287118490009747,0.7326962956961511,0.7213856863219288,0.7346001620762123,0.7287244016656894,0.0046987093606147,34,22.008714151382446,0.4369465377100708,2.81224045753479,0.22232844295236018,"{'k': 20, 'sim_options': {'name': 'msd', 'min_support': 2, 'user_based': False}, 'verbose': False}",20,"{'name': 'msd', 'min_support': 2, 'user_based': False}",False
4,0.9804661987839008,0.9845695261433951,0.9876067550637562,0.9769587572439453,0.993520215824982,0.984624290611996,0.005728624760195829,74,0.7625436809265,0.7627555609557645,0.7675059065579863,0.7574860873648268,0.769307358180914,0.7639197187971982,0.0041599941801295,75,12.489192962646484,1.0744569369357095,1.4809996604919433,0.06155451761090131,"{'k': 20, 'sim_options': {'name': 'msd', 'min_support': 3, 'user_based': True}, 'verbose': False}",20,"{'name': 'msd', 'min_support': 3, 'user_based': True}",False
5,0.9441965512550156,0.9481957714871525,0.9511976630167567,0.9372606471631457,0.9555167642443627,0.9472734794332865,0.006227774578292495,25,0.7245251573274147,0.7272853739064733,0.7297800520021946,0.7168595660841904,0.7336559675685359,0.7264212233777618,0.0056460670565891555,22,22.171265888214112,0.45387611549234336,3.209148120880127,0.18308462233932593,"{'k': 20, 'sim_options': {'name': 'msd', 'min_support': 3, 'user_based': False}, 'verbose': False}",20,"{'name': 'msd', 'min_support': 3, 'user_based': False}",False
6,0.9726830644465998,0.9767360056413241,0.9817657193205742,0.9703409980108996,0.9844813870111303,0.9772014348861056,0.005320306105301998,63,0.7568165011388176,0.7573906865305046,0.7636881238700857,0.7525779917335199,0.764538719606587,0.759002404575903,0.004500125302396705,63,13.981184673309325,1.0196915158096211,1.6675182342529298,0.1630240543243689,"{'k': 20, 'sim_options': {'name': 'msd', 'min_support': 4, 'user_based': True}, 'verbose': False}",20,"{'name': 'msd', 'min_support': 4, 'user_based': True}",False
7,0.9394513623905594,0.9429005283919806,0.9453572474149071,0.9327927586764233,0.949710370421238,0.9420424534590218,0.005705991738449748,16,0.7245535672300241,0.7261611864960115,0.7284607930963469,0.7167726038635063,0.7324725943960336,0.7256841490163844,0.005190648513696072,10,22.267898845672608,0.24056487091489287,2.888966941833496,0.20267800087218568,"{'k': 20, 'sim_options': {'name': 'msd', 'min_support': 4, 'user_based': False}, 'verbose': False}",20,"{'name': 'msd', 'min_support': 4, 'user_based': False}",False
8,0.9674146085362073,0.9720815126710078,0.9770354763271135,0.9651957424165737,0.9792705395555478,0.97219957590129,0.0053916230398869495,57,0.7529598067680873,0.754946639792593,0.7603486277685118,0.7489284622380835,0.7612602335439511,0.7556887540222453,0.004614222340649938,57,13.258572006225586,0.7532590781238864,1.7180107593536378,0.2040455848408541,"{'k': 20, 'sim_options': {'name': 'msd', 'min_support': 5, 'user_based': True}, 'verbose': False}",20,"{'name': 'msd', 'min_support': 5, 'user_based': True}",False
9,0.9374784209725097,0.9409449558151561,0.9441563686992293,0.9305359724905661,0.946529132830672,0.9399289701616267,0.005598193799406968,7,0.7251748703858426,0.7262170851519588,0.7295595316455673,0.7170169885072255,0.7309730408586866,0.7257883033098562,0.004870313825567131,19,20.20583062171936,0.36565677392882956,2.8607311248779297,0.1718802913373606,"{'k': 20, 'sim_options': {'name': 'msd', 'min_support': 5, 'user_based': False}, 'verbose': False}",20,"{'name': 'msd', 'min_support': 5, 'user_based': False}",False
10,0.9997706080738852,1.0043156324173959,1.0048730623991062,0.9936881433463366,1.0102217606316737,1.0025738413736796,0.005543007643991383,90,0.774511282492377,0.7772594612846787,0.7790796815757156,0.7667442886126956,0.7799254132865785,0.7755040254504092,0.0047567650801615905,90,33.259379863739014,0.3234324573492818,1.6909494876861573,0.14335131064020387,"{'k': 20, 'sim_options': {'name': 'cosine', 'min_support': 1, 'user_based': True}, 'verbose': False}",20,"{'name': 'cosine', 'min_support': 1, 'user_based': True}",False
11,0.9626033399970083,0.971925256432157,0.9732233721470236,0.960268234141371,0.9724872738054677,0.9681014953046055,0.005507803860814136,48,0.7263138910705105,0.7319076617749051,0.7348893998846127,0.722968291013856,0.7317341940358638,0.7295626875559496,0.004304159687334672,42,52.78864698410034,0.46800431802101483,3.136887788772583,0.26839934540260757,"{'k': 20, 'sim_options': {'name': 'cosine', 'min_support': 1, 'user_based': False}, 'verbose': False}",20,"{'name': 'cosine', 'min_support': 1, 'user_based': False}",False
12,0.9929101877019156,0.996832290834702,1.0008183971476707,0.9871671975783362,1.0060886186464628,0.9967633383818175,0.006486012589129521,84,0.7710572681534524,0.7727998990607193,0.7753548510443536,0.7641388628672007,0.7778210746366682,0.7722343911524789,0.004651694277490114,87,28.282770729064943,1.5152328581857417,1.8360377311706544,0.26782804403064786,"{'k': 20, 'sim_options': {'name': 'cosine', 'min_support': 2, 'user_based': True}, 'verbose': False}",20,"{'name': 'cosine', 'min_support': 2, 'user_based': True}",False
13,0.954823642749483,0.9561633448042508,0.9615640763712165,0.9487953027723437,0.963359293991019,0.9569411321376625,0.005177019711308634,35,0.7264958043726372,0.7285641833611592,0.7330546267697449,0.7213652032217814,0.7343581028047903,0.7287675841060225,0.004682525641088514,37,46.659532976150516,0.6746462040325174,2.8239886283874513,0.15303448186933788,"{'k': 20, 'sim_options': {'name': 'cosine', 'min_support': 2, 'user_based': False}, 'verbose': False}",20,"{'name': 'cosine', 'min_support': 2, 'user_based': False}",False
14,0.9810369384442797,0.9853914973990521,0.9880155629400763,0.9775801362786848,0.9944198949223114,0.9852888059968808,0.005802146161974212,78,0.7641114868538684,0.7645879620005149,0.7685978538368758,0.7587629647502332,0.7707654791870484,0.7653651493257081,0.004132274723882404,78,25.560166597366333,0.7551415547851991,1.5580089569091797,0.181302577854967,"{'k': 20, 'sim_options': {'name': 'cosine', 'min_support': 3, 'user_based': True}, 'verbose': False}",20,"{'name': 'cosine', 'min_support': 3, 'user_based': True}",False
15,0.9441144295660195,0.9481089721475136,0.9510538884711233,0.9371398285380438,0.9555493117379662,0.9471932860921333,0.006262862964727407,22,0.7247178193613374,0.7272798176904554,0.7299614152146837,0.7169409972930981,0.733831000354424,0.7265462099827997,0.0056722676397043285,25,46.45137758255005,0.6465471130359062,2.9385653018951414,0.2286360900746709,"{'k': 20, 'sim_options': {'name': 'cosine', 'min_support': 3, 'user_based': False}, 'verbose': False}",20,"{'name': 'cosine', 'min_support': 3, 'user_based': False}",False
16,0.9726336684007866,0.9775335510709822,0.9817444022963667,0.9705398189336341,0.9848914491265796,0.9774685779656698,0.005380891444871856,72,0.7573997331157677,0.7589118381925286,0.7641530263611657,0.7532234258014057,0.765317139094592,0.759801032513092,0.004453966718804078,72,25.83908553123474,1.0391688484686878,1.8118981838226318,0.1684885795867793,"{'k': 20, 'sim_options': {'name': 'cosine', 'min_support': 4, 'user_based': True}, 'verbose': False}",20,"{'name': 'cosine', 'min_support': 4, 'user_based': True}",False
17,0.9394286791270973,0.9427440968779252,0.9453420034594753,0.9326664334552708,0.949806108652847,0.9419974643145231,0.005768624149912088,15,0.7245993674088134,0.7261021236314033,0.7286051558754115,0.7167319189447671,0.7326659637115424,0.7257409059143876,0.005267936748875155,13,44.40487942695618,0.5460300818933754,2.64549036026001,0.17100943533412555,"{'k': 20, 'sim_options': {'name': 'cosine', 'min_support': 4, 'user_based': False}, 'verbose': False}",20,"{'name': 'cosine', 'min_support': 4, 'user_based': False}",False
18,0.967298593583316,0.9725000183848631,0.9767976136467006,0.9652724477990812,0.979606288275928,0.9722949923379778,0.0054415221204792575,60,0.7533989599010493,0.7557639371041731,0.7604504932867973,0.749420432196813,0.7618012577880952,0.7561670160553856,0.004548271284122137,60,24.874996280670167,0.4149889929935975,1.5730093955993651,0.09587783706522203,"{'k': 20, 'sim_options': {'name': 'cosine', 'min_support': 5, 'user_based': True}, 'verbose': False}",20,"{'name': 'cosine', 'min_support': 5, 'user_based': True}",False
19,0.9374896626435272,0.9408333980724507,0.9441342007116671,0.930407653526634,0.9464907114136026,0.9398711252735763,0.005624008598126975,4,0.725191913345666,0.7261427165085794,0.7296151246396505,0.7170125160298687,0.7309439546203997,0.7257812450288329,0.004872797654691383,16,41.43432741165161,0.31078425254243924,2.9468022346496583,0.20323755062841894,"{'k': 20, 'sim_options': {'name': 'cosine', 'min_support': 5, 'user_based': False}, 'verbose': False}",20,"{'name': 'cosine', 'min_support': 5, 'user_based': False}",False
20,0.9742455654103314,0.9789315554954445,0.9817453139927407,0.9680023545214155,0.9839832004026331,0.9773815979645131,0.005706670630402119,69,0.7579269799910042,0.7595827384462935,0.7628093073311091,0.7513892314503074,0.7635759242350127,0.7590568362907454,0.004355422070963342,69,48.99487380981445,0.3109971898304463,1.3830637454986572,0.1905084512967938,"{'k': 20, 'sim_options': {'name': 'pearson', 'min_support': 1, 'user_based': True}, 'verbose': False}",20,"{'name': 'pearson', 'min_support': 1, 'user_based': True}",False
21,0.9511009920054676,0.954445818170975,0.9556866078824003,0.9457005413519324,0.9589232402466078,0.9531714399314767,0.0044974303059403834,33,0.72666780681074,0.7287520700281956,0.730339467936298,0.7217738891586064,0.7332766001388786,0.7281619668145438,0.0038545883628645253,29,76.43649744987488,0.3308572598554687,2.7902125835418703,0.1881999390886634,"{'k': 20, 'sim_options': {'name': 'pearson', 'min_support': 1, 'user_based': False}, 'verbose': False}",20,"{'name': 'pearson', 'min_support': 1, 'user_based': False}",False
22,0.9742455654103314,0.9789315554954445,0.9817453139927407,0.9680023545214155,0.9839832004026331,0.9773815979645131,0.005706670630402119,68,0.7579269799910042,0.7595827384462935,0.7628093073311091,0.7513892314503074,0.7635759242350127,0.7590568362907454,0.004355422070963342,68,39.98558611869812,0.77018582468136,1.5920400142669677,0.2949303351176752,"{'k': 20, 'sim_options': {'name': 'pearson', 'min_support': 2, 'user_based': True}, 'verbose': False}",20,"{'name': 'pearson', 'min_support': 2, 'user_based': True}",False
23,0.9511009920054676,0.954445818170975,0.9556866078824003,0.9457005413519324,0.9589232402466078,0.9531714399314767,0.0044974303059403834,32,0.72666780681074,0.7287520700281956,0.730339467936298,0.7217738891586064,0.7332766001388786,0.7281619668145438,0.0038545883628645253,28,72.35416193008423,0.47207473589807475,2.8994800090789794,0.24616844745886632,"{'k': 20, 'sim_options': {'name': 'pearson', 'min_support': 2, 'user_based': False}, 'verbose': False}",20,"{'name': 'pearson', 'min_support': 2, 'user_based': False}",False
24,0.965815694532115,0.9688001085084341,0.972031981583333,0.9622326573118117,0.9749503637789929,0.9687661611429373,0.004478906637768587,51,0.7524553373018885,0.7516503417933282,0.7569803181329929,0.7467697124303233,0.7571823717435353,0.7530076162804137,0.0038540781967349,54,40.181390857696535,0.7838705332927638,1.7033445835113525,0.1593855940177959,"{'k': 20, 'sim_options': {'name': 'pearson', 'min_support': 3, 'user_based': True}, 'verbose': False}",20,"{'name': 'pearson', 'min_support': 3, 'user_based': True}",False
25,0.9407724357783025,0.9458572163245883,0.9487726739420663,0.9348465890795159,0.9522691865174034,0.9445036203283754,0.006124394660729471,20,0.723126135598214,0.7257706138272234,0.7287233631122896,0.7164946831458774,0.731903974771233,0.7252037540909675,0.005249120880983058,8,68.33871259689332,0.32764092196272493,2.8720227241516114,0.0903350401817513,"{'k': 20, 'sim_options': {'name': 'pearson', 'min_support': 3, 'user_based': False}, 'verbose': False}",20,"{'name': 'pearson', 'min_support': 3, 'user_based': False}",False
26,0.9599034858861002,0.9617464227053764,0.9676456098975035,0.9552685494029849,0.9703698576020616,0.9629867850988052,0.0054190553282217335,45,0.7473991652349506,0.7466314014418319,0.7530815845963894,0.7413818261102948,0.7548467586898027,0.7486681472146539,0.00482706521868286,51,38.950434398651126,0.4339871265555846,1.6284519195556642,0.15890458960960357,"{'k': 20, 'sim_options': {'name': 'pearson', 'min_support': 4, 'user_based': True}, 'verbose': False}",20,"{'name': 'pearson', 'min_support': 4, 'user_based': True}",False
27,0.9374390258429856,0.9411193411031976,0.9458650410275998,0.9306775474876404,0.9485543826642605,0.9407310676251368,0.00631859958602881,12,0.7233333409405319,0.7250138184971613,0.7294222850646996,0.7156750785185352,0.7310774105828203,0.7249043867207496,0.005406993972562781,3,69.70419926643372,0.5807876919393928,3.238478899002075,0.22001470100774514,"{'k': 20, 'sim_options': {'name': 'pearson', 'min_support': 4, 'user_based': False}, 'verbose': False}",20,"{'name': 'pearson', 'min_support': 4, 'user_based': False}",False
28,0.9572439516318509,0.9582216963168375,0.9630768986386908,0.9509560415951555,0.9666080024353607,0.9592213181235791,0.00534139727638496,40,0.7453296870412519,0.7441490913096823,0.7492506623511084,0.7382559905559579,0.7523101181907561,0.7458591098897512,0.004777656578247691,48,40.473977613449094,0.5097931129472149,1.5834889888763428,0.08162884433816946,"{'k': 20, 'sim_options': {'name': 'pearson', 'min_support': 5, 'user_based': True}, 'verbose': False}",20,"{'name': 'pearson', 'min_support': 5, 'user_based': True}",False
29,0.936063559639715,0.9395040748845739,0.9437436285764219,0.9293400012705321,0.9458578089341765,0.9389018146610839,0.005859619485545421,3,0.7244142250489153,0.7250239040532127,0.7294497199907131,0.7162983828968156,0.7302350428961153,0.7250842549771545,0.004964514709849336,6,73.39593715667725,0.641083151095838,2.775443601608276,0.2796256934170208,"{'k': 20, 'sim_options': {'name': 'pearson', 'min_support': 5, 'user_based': False}, 'verbose': False}",20,"{'name': 'pearson', 'min_support': 5, 'user_based': False}",False
30,0.998559796410963,1.003199279522702,1.0042696945763103,0.992771366299297,1.0086011401819273,1.0014802553982398,0.005400311935531882,87,0.7706036760563618,0.7732257923304464,0.7750734439461294,0.7636852103529574,0.7758556364612796,0.771688751829435,0.004391255568984178,84,14.00826907157898,0.4425534875150332,1.6741849422454833,0.11886844206731774,"{'k': 40, 'sim_options': {'name': 'msd', 'min_support': 1, 'user_based': True}, 'verbose': False}",40,"{'name': 'msd', 'min_support': 1, 'user_based': True}",False
31,0.9638616429269298,0.9740760549391548,0.9750102747997675,0.9614527499883276,0.9732847462540484,0.9695370937816457,0.0056950879690004395,53,0.7266298673077295,0.7326044870041116,0.7343117066888843,0.7233734368929863,0.7316609463616038,0.7297160888510631,0.004074285586798596,44,20.55699219703674,0.341256855668058,3.1435640335083006,0.18259798996502877,"{'k': 40, 'sim_options': {'name': 'msd', 'min_support': 1, 'user_based': False}, 'verbose': False}",40,"{'name': 'msd', 'min_support': 1, 'user_based': False}",False
32,0.9919403606128716,0.9956904025435178,1.000346767049138,0.9866801437639876,1.0049649449059654,0.9959245237750961,0.006366669151799265,80,0.7685423642672657,0.7700006732640687,0.773247960562227,0.7624641226860679,0.7754655520156788,0.7699441345590616,0.004456905904002936,80,12.135013771057128,1.0446317677831074,1.638917827606201,0.13883101724279984,"{'k': 40, 'sim_options': {'name': 'msd', 'min_support': 2, 'user_based': True}, 'verbose': False}",40,"{'name': 'msd', 'min_support': 2, 'user_based': True}",False
33,0.9549578312647569,0.9565297688893856,0.9617633460085997,0.9493194428367707,0.9639848493920646,0.9573110476783157,0.0051841366053522915,38,0.7262430464627305,0.7286916850657893,0.7327215710714553,0.7213914843482064,0.7346016245768435,0.728729882305005,0.004699975162124818,36,23.026582336425783,0.5123884447393489,3.1878001213073732,0.3161937238895537,"{'k': 40, 'sim_options': {'name': 'msd', 'min_support': 2, 'user_based': False}, 'verbose': False}",40,"{'name': 'msd', 'min_support': 2, 'user_based': False}",False
34,0.9804739006298795,0.9845821087711831,0.9875872801733732,0.9769697639528919,0.9935166997735296,0.9846259506601716,0.005721425150160404,75,0.7625584161368613,0.7627664376188206,0.7674757023723942,0.7574892151579314,0.7693078687124442,0.7639195279996903,0.0041523910696916215,74,13.399225330352783,1.0258298584265064,1.6599029541015624,0.24036882584211622,"{'k': 40, 'sim_options': {'name': 'msd', 'min_support': 3, 'user_based': True}, 'verbose': False}",40,"{'name': 'msd', 'min_support': 3, 'user_based': True}",False
35,0.944193386193451,0.9481893566543604,0.951204644591789,0.9372611975464817,0.9555223740077368,0.9472741917987637,0.006230086880573939,26,0.7245154939786191,0.727281564098589,0.7297896184974902,0.7168617138704055,0.7336611680718631,0.7264219117033934,0.005648346575896348,23,22.073741102218627,0.22545548647011687,2.8875271320343017,0.1823667416518686,"{'k': 40, 'sim_options': {'name': 'msd', 'min_support': 3, 'user_based': False}, 'verbose': False}",40,"{'name': 'msd', 'min_support': 3, 'user_based': False}",False
36,0.9726820040633222,0.9767359535509974,0.9817485593645681,0.9703362851218598,0.9844843407714013,0.9771974285744298,0.0053195711861920856,62,0.7568185443935198,0.7573904143454744,0.7636656102611633,0.7525678102583511,0.7645410363118628,0.7589966831140742,0.004498744867730668,62,13.124958610534668,1.465455928385103,1.7113719940185548,0.3081687303760799,"{'k': 40, 'sim_options': {'name': 'msd', 'min_support': 4, 'user_based': True}, 'verbose': False}",40,"{'name': 'msd', 'min_support': 4, 'user_based': True}",False
37,0.9394534522504396,0.9429005283919806,0.9453655695486438,0.932793727192372,0.949710370421238,0.9420447295609348,0.005706455687821961,17,0.724563848243766,0.7261611864960115,0.7284649382193075,0.7167753357007649,0.7324725943960336,0.7256875806111768,0.005189707383947923,11,21.442827272415162,0.6406435487482695,2.6926366329193114,0.19186634145861298,"{'k': 40, 'sim_options': {'name': 'msd', 'min_support': 4, 'user_based': False}, 'verbose': False}",40,"{'name': 'msd', 'min_support': 4, 'user_based': False}",False
38,0.9674125775941267,0.9720823988501897,0.9770235949435934,0.9651797247607755,0.9792740954693504,0.9721944783236072,0.005394946713396813,56,0.752956367644858,0.7549475744522266,0.7603361045098139,0.748910050516796,0.7612643685890776,0.7556828931425544,0.004618468930019096,55,12.157085514068603,1.301163210425507,1.446011209487915,0.28914700714938707,"{'k': 40, 'sim_options': {'name': 'msd', 'min_support': 5, 'user_based': True}, 'verbose': False}",40,"{'name': 'msd', 'min_support': 5, 'user_based': True}",False
39,0.9374784530693692,0.9409449558151561,0.9441604692458385,0.9305359724905661,0.946529132830672,0.9399297966903204,0.005598810488987283,9,0.7251751394572793,0.7262170851519588,0.7295616623742471,0.7170169885072255,0.7309730408586866,0.7257887832698795,0.0048706370850708555,21,19.57276201248169,0.7618461985513784,2.775984764099121,0.3384100285919642,"{'k': 40, 'sim_options': {'name': 'msd', 'min_support': 5, 'user_based': False}, 'verbose': False}",40,"{'name': 'msd', 'min_support': 5, 'user_based': False}",False
40,0.999753482587475,1.0041968267255177,1.0047967312859956,0.9935804230400033,1.0101531041733793,1.0024961135624741,0.005546644653224551,89,0.7744595438290038,0.7772044006002229,0.7790464525590477,0.7666381248434817,0.779833884776351,0.7754364813216215,0.004772003177603051,89,32.41117949485779,0.5484334123204156,1.5115529537200927,0.09928134960635734,"{'k': 40, 'sim_options': {'name': 'cosine', 'min_support': 1, 'user_based': True}, 'verbose': False}",40,"{'name': 'cosine', 'min_support': 1, 'user_based': True}",False
41,0.9624527398974947,0.97172066824024,0.9728064547733624,0.9596752830474987,0.9722602306847744,0.967783075328674,0.0055665549588369565,47,0.7260206233285,0.7317384149641158,0.7343352351048759,0.7224876960139811,0.7315369557163732,0.7292237850255693,0.004322873681140424,41,51.090794467926024,0.4599027875605065,3.1101305961608885,0.48263152593006525,"{'k': 40, 'sim_options': {'name': 'cosine', 'min_support': 1, 'user_based': False}, 'verbose': False}",40,"{'name': 'cosine', 'min_support': 1, 'user_based': False}",False
42,0.9928688566809257,0.996847081253682,1.0008111840414762,0.9871693119846369,1.0060786222991183,0.9967550112519679,0.006486579458171309,83,0.7710290062264084,0.7728001447221553,0.7753530153738935,0.7641368335217152,0.7778059071683125,0.772224981402497,0.004649959882348432,86,26.961859273910523,1.583033158804223,1.5893898010253906,0.14853869771170328,"{'k': 40, 'sim_options': {'name': 'cosine', 'min_support': 2, 'user_based': True}, 'verbose': False}",40,"{'name': 'cosine', 'min_support': 2, 'user_based': True}",False
43,0.9547771390091134,0.9561362837718486,0.9615831910875847,0.9488144950080186,0.9633825932387508,0.9569387404230631,0.0051848622353763635,34,0.726466497825758,0.728538348286206,0.7330947179500356,0.7214132624043448,0.7343808765186444,0.7287787405969978,0.004683291823049752,38,46.95454635620117,0.516508768732977,2.6120721817016603,0.12013264183190367,"{'k': 40, 'sim_options': {'name': 'cosine', 'min_support': 2, 'user_based': False}, 'verbose': False}",40,"{'name': 'cosine', 'min_support': 2, 'user_based': False}",False
44,0.9810143825598002,0.9853723206864149,0.9879855045107591,0.9775922720444943,0.9944193253184312,0.98527676102398,0.005799174869792572,76,0.7641082263214253,0.7645740154832721,0.7685638940027693,0.7587687229974124,0.7707643855142016,0.7653558488638162,0.0041255757158288435,76,25.439422273635863,0.7137803964283462,1.4629401683807373,0.11585652593503747,"{'k': 40, 'sim_options': {'name': 'cosine', 'min_support': 3, 'user_based': True}, 'verbose': False}",40,"{'name': 'cosine', 'min_support': 3, 'user_based': True}",False
45,0.9441089052941941,0.9481015921568259,0.9510680727428338,0.9371429821410076,0.9555526930308691,0.947194849073146,0.006264833247025011,23,0.724706823350493,0.7272781975627073,0.7299771678959359,0.716946249458737,0.7338349554874719,0.7265486787510689,0.0056740751461946265,26,45.76719326972962,0.2218220316091589,2.791126585006714,0.2556931924233756,"{'k': 40, 'sim_options': {'name': 'cosine', 'min_support': 3, 'user_based': False}, 'verbose': False}",40,"{'name': 'cosine', 'min_support': 3, 'user_based': False}",False
46,0.9726356198573145,0.9775302489258398,0.9817023030950401,0.9705491403250038,0.9848996107450191,0.9774633845896435,0.0053737221072653754,71,0.7574096778615205,0.7589076225892101,0.7641145007949238,0.753222368969934,0.7653258874532758,0.759796011533773,0.004448043998276894,71,25.409287786483766,0.8984416365481757,1.6765316009521485,0.2004176951833486,"{'k': 40, 'sim_options': {'name': 'cosine', 'min_support': 4, 'user_based': True}, 'verbose': False}",40,"{'name': 'cosine', 'min_support': 4, 'user_based': True}",False
47,0.9394318520043629,0.9427440968779252,0.9453341114159396,0.9326658026655208,0.949806108652847,0.941996394323319,0.005767631583235208,14,0.7246138681790748,0.7261021236314033,0.7285978585521147,0.7167305417668136,0.7326659637115424,0.7257420711681897,0.005266990629322577,15,44.66207537651062,0.6494598726229678,2.655205821990967,0.19648251415886633,"{'k': 40, 'sim_options': {'name': 'cosine', 'min_support': 4, 'user_based': False}, 'verbose': False}",40,"{'name': 'cosine', 'min_support': 4, 'user_based': False}",False
48,0.9672982098656449,0.9724982634568634,0.9767719691560934,0.9652643289103383,0.9796047636879746,0.9722875070153829,0.005439028974463009,59,0.7534028734138741,0.7557631290880957,0.7604251657929346,0.7494094873034004,0.7617959941937239,0.7561593299584057,0.004544991589601034,59,24.874786043167113,0.44805508527725757,1.5219027519226074,0.17696546681079864,"{'k': 40, 'sim_options': {'name': 'cosine', 'min_support': 5, 'user_based': True}, 'verbose': False}",40,"{'name': 'cosine', 'min_support': 5, 'user_based': True}",False
49,0.9374898734037719,0.9408333980724507,0.9441427266425527,0.930407653526634,0.9464907114136026,0.9398728726118024,0.005625284180675517,6,0.7251939160890916,0.7261427165085794,0.7296195952319975,0.7170125160298687,0.7309439546203997,0.7257825396959874,0.004873452972986977,18,42.40847744941711,0.46228050044038915,2.8322717189788817,0.25364013919417316,"{'k': 40, 'sim_options': {'name': 'cosine', 'min_support': 5, 'user_based': False}, 'verbose': False}",40,"{'name': 'cosine', 'min_support': 5, 'user_based': False}",False
50,0.9742391112074578,0.9789318390787112,0.9817309251557544,0.9680046392327942,0.9839837205313232,0.9773780470412081,0.00570456715176796,67,0.7579171516183212,0.7595830484615447,0.7627970373439029,0.7513980499826708,0.7635766299980479,0.7590543834808975,0.004350871110645269,67,49.308143043518065,0.38050401091392505,1.4076900482177734,0.08162598299082832,"{'k': 40, 'sim_options': {'name': 'pearson', 'min_support': 1, 'user_based': True}, 'verbose': False}",40,"{'name': 'pearson', 'min_support': 1, 'user_based': True}",False
51,0.9510910221662593,0.9544476538837167,0.9556641627018928,0.9456959748319373,0.9589312853972559,0.9531660197962124,0.004499528381833633,31,0.7266601754831112,0.7287531494725688,0.730328867042339,0.7217848991130824,0.7332864064847393,0.7281626995191682,0.0038529781326591904,31,76.22588400840759,0.20308448718529318,2.756173324584961,0.2237801203921183,"{'k': 40, 'sim_options': {'name': 'pearson', 'min_support': 1, 'user_based': False}, 'verbose': False}",40,"{'name': 'pearson', 'min_support': 1, 'user_based': False}",False
52,0.9742391112074578,0.9789318390787112,0.9817309251557544,0.9680046392327942,0.9839837205313232,0.9773780470412081,0.00570456715176796,66,0.7579171516183212,0.7595830484615447,0.7627970373439029,0.7513980499826708,0.7635766299980479,0.7590543834808975,0.004350871110645269,66,40.211941385269164,0.8634823080715777,1.5597665309906006,0.1213619989151035,"{'k': 40, 'sim_options': {'name': 'pearson', 'min_support': 2, 'user_based': True}, 'verbose': False}",40,"{'name': 'pearson', 'min_support': 2, 'user_based': True}",False
53,0.9510910221662593,0.9544476538837167,0.9556641627018928,0.9456959748319373,0.9589312853972559,0.9531660197962124,0.004499528381833633,30,0.7266601754831112,0.7287531494725688,0.730328867042339,0.7217848991130824,0.7332864064847393,0.7281626995191682,0.0038529781326591904,30,70.62344479560852,0.3153547709564523,3.001806926727295,0.29362286220527645,"{'k': 40, 'sim_options': {'name': 'pearson', 'min_support': 2, 'user_based': False}, 'verbose': False}",40,"{'name': 'pearson', 'min_support': 2, 'user_based': False}",False
54,0.965811475215089,0.9688001085084341,0.9720272701836865,0.9622310142577253,0.9749495657899809,0.9687638867909832,0.004479034840420379,49,0.752449760930339,0.7516503417933282,0.7569744978345093,0.7467678392523226,0.7571816247831612,0.753004812918732,0.0038534833835438408,53,38.942498779296876,0.917898494594263,1.5535686492919922,0.23829859189585414,"{'k': 40, 'sim_options': {'name': 'pearson', 'min_support': 3, 'user_based': True}, 'verbose': False}",40,"{'name': 'pearson', 'min_support': 3, 'user_based': True}",False
55,0.9407719696500406,0.9458558810800616,0.9487718533256275,0.9348465890795159,0.9522691696370038,0.9445030925544501,0.006124273770137331,19,0.7231250914927422,0.7257700238382576,0.7287232896159448,0.7164946831458774,0.7319040377799426,0.7252034251745529,0.005249197036384952,7,70.58642835617066,0.19671768796441627,2.897621202468872,0.11113132250962146,"{'k': 40, 'sim_options': {'name': 'pearson', 'min_support': 3, 'user_based': False}, 'verbose': False}",40,"{'name': 'pearson', 'min_support': 3, 'user_based': False}",False
56,0.9599030274248561,0.9617464227053764,0.9676453892405399,0.9552676009199501,0.9703702615420692,0.9629865403665583,0.005419449811261498,43,0.7473986953067963,0.7466314014418319,0.7530798726463399,0.741381066499237,0.7548472612433835,0.7486676594275177,0.004827134908357543,49,40.463647270202635,0.6912049277267839,1.5376585483551026,0.12460985046373635,"{'k': 40, 'sim_options': {'name': 'pearson', 'min_support': 4, 'user_based': True}, 'verbose': False}",40,"{'name': 'pearson', 'min_support': 4, 'user_based': True}",False
57,0.9374390258429856,0.9411193411031976,0.9458614081235304,0.9306775474876404,0.9485543826642605,0.9407303410443228,0.006318009365860076,11,0.7233333409405319,0.7250138184971613,0.7294203627095625,0.7156750785185352,0.7310774105828203,0.7249040022497223,0.005406672766921059,2,72.52954688072205,0.7691390316655651,3.121450090408325,0.11579030725470665,"{'k': 40, 'sim_options': {'name': 'pearson', 'min_support': 4, 'user_based': False}, 'verbose': False}",40,"{'name': 'pearson', 'min_support': 4, 'user_based': False}",False
58,0.9572431582241423,0.9582216963168375,0.9630798647272436,0.9509556404379114,0.966608418055126,0.959221755552252,0.005342123440771288,41,0.7453276246310323,0.7441490913096823,0.7492522333703836,0.7382555301703041,0.7523107125120077,0.7458590383986821,0.004778232476537196,46,42.26905689239502,0.6330233150472511,1.6130023002624512,0.19916157191015355,"{'k': 40, 'sim_options': {'name': 'pearson', 'min_support': 5, 'user_based': True}, 'verbose': False}",40,"{'name': 'pearson', 'min_support': 5, 'user_based': True}",False
59,0.936063559639715,0.9395040748845739,0.9437436285764219,0.9293400012705321,0.9458578089341765,0.9389018146610839,0.005859619485545421,2,0.7244142250489153,0.7250239040532127,0.7294497199907131,0.7162983828968156,0.7302350428961153,0.7250842549771545,0.004964514709849336,5,75.2750994682312,0.5841416864290285,2.8962241649627685,0.23906777077869865,"{'k': 40, 'sim_options': {'name': 'pearson', 'min_support': 5, 'user_based': False}, 'verbose': False}",40,"{'name': 'pearson', 'min_support': 5, 'user_based': False}",False
60,0.9985571524916095,1.0031933172458474,1.0042593346803745,0.9927738581912648,1.0086013496170043,1.00147700244522,0.005398401160389913,86,0.7706042077608833,0.773212966579089,0.7750621738092803,0.7636874301297203,0.7758525337441875,0.7716838624046322,0.004387198457726022,83,13.512312412261963,0.5091774368854033,1.6134442806243896,0.11719962138046629,"{'k': 60, 'sim_options': {'name': 'msd', 'min_support': 1, 'user_based': True}, 'verbose': False}",60,"{'name': 'msd', 'min_support': 1, 'user_based': True}",False
61,0.9638422252006228,0.9739924631336874,0.9750028813353417,0.9614450239335243,0.9733164918421721,0.9695198170890696,0.005690705220034284,52,0.7266273041116657,0.7325108145625243,0.7343348668870958,0.7233499736292451,0.7317189380117299,0.7297083794404522,0.004079772643605563,43,20.60530557632446,0.4346620644901396,3.3165423393249513,0.20405619748831808,"{'k': 60, 'sim_options': {'name': 'msd', 'min_support': 1, 'user_based': False}, 'verbose': False}",60,"{'name': 'msd', 'min_support': 1, 'user_based': False}",False
62,0.9919382741653264,0.9956952203939259,1.0003400216820988,0.9866809654258262,1.004968572911018,0.9959246109156391,0.006366750873877679,81,0.7685420188671118,0.7700074105994835,0.7732401067163951,0.7624627990308634,0.7754705487240611,0.769944576787583,0.004457465615427163,81,12.12630262374878,0.9192182215349863,1.5858808040618897,0.17442701029779994,"{'k': 60, 'sim_options': {'name': 'msd', 'min_support': 2, 'user_based': True}, 'verbose': False}",60,"{'name': 'msd', 'min_support': 2, 'user_based': True}",False
63,0.9549536524735568,0.9565223045841315,0.9617640424744343,0.9493209846530876,0.963984934577535,0.957309183752549,0.005184408290130992,37,0.7262377548571763,0.7286844983479044,0.7327229411216978,0.7214019862643698,0.7346005012550572,0.7287295363692412,0.004697222674603831,35,23.869440841674805,0.3905003255585187,3.50868878364563,0.30011519776448725,"{'k': 60, 'sim_options': {'name': 'msd', 'min_support': 2, 'user_based': False}, 'verbose': False}",60,"{'name': 'msd', 'min_support': 2, 'user_based': False}",False
64,0.9804721336808636,0.9845821087711831,0.9875792383499385,0.9769695940426373,0.9935179878849483,0.9846242125459141,0.00572129589068449,73,0.7625551725440951,0.7627664376188206,0.7674706254504232,0.7574877702885322,0.7693087030554014,0.7639177417914546,0.004152398714567522,73,13.043933773040772,1.011657110071206,1.6093622684478759,0.23644885342170077,"{'k': 60, 'sim_options': {'name': 'msd', 'min_support': 3, 'user_based': True}, 'verbose': False}",60,"{'name': 'msd', 'min_support': 3, 'user_based': True}",False
65,0.9441940832714114,0.9481893566543604,0.9512055135169972,0.9372611975464817,0.9555223740077368,0.9472745049993975,0.006230127588799774,27,0.7245185466387063,0.727281564098589,0.7297896358754913,0.7168617138704055,0.7336611680718631,0.7264225257110111,0.005648142710637497,24,23.119153213500976,0.9055470425475333,2.8695931911468504,0.3312151201647326,"{'k': 60, 'sim_options': {'name': 'msd', 'min_support': 3, 'user_based': False}, 'verbose': False}",60,"{'name': 'msd', 'min_support': 3, 'user_based': False}",False
66,0.9726804911974616,0.9767359535509974,0.981745877946747,0.9703356971565898,0.9844843407714013,0.9771964721246394,0.005319520974678082,61,0.7568136156113777,0.7573904143454744,0.7636654663048086,0.7525669551892492,0.7645410363118628,0.7589954975525546,0.004499436989262424,61,12.197295188903809,1.0310376147076885,1.6686286926269531,0.2422061534688557,"{'k': 60, 'sim_options': {'name': 'msd', 'min_support': 4, 'user_based': True}, 'verbose': False}",60,"{'name': 'msd', 'min_support': 4, 'user_based': True}",False
67,0.9394534522504396,0.9429005283919806,0.9453670274969713,0.932793727192372,0.949710370421238,0.9420450211506003,0.005706625404073421,18,0.724563848243766,0.7261611864960115,0.7284657426746663,0.7167753357007649,0.7324725943960336,0.7256877415022486,0.005189793496723344,12,21.827239894866942,0.4961253277692809,3.007026481628418,0.3216802217894429,"{'k': 60, 'sim_options': {'name': 'msd', 'min_support': 4, 'user_based': False}, 'verbose': False}",60,"{'name': 'msd', 'min_support': 4, 'user_based': False}",False
68,0.9674125666605952,0.9720823988501897,0.9770230050272461,0.9651798386685262,0.9792740954693504,0.9721943809351815,0.0053948134251794125,55,0.7529563139951923,0.7549475744522266,0.7603361080064179,0.7489102167716483,0.7612643685890776,0.7556829163629126,0.004618427207934152,56,13.07147741317749,0.6482021092446651,1.6630338668823241,0.11160648879458204,"{'k': 60, 'sim_options': {'name': 'msd', 'min_support': 5, 'user_based': True}, 'verbose': False}",60,"{'name': 'msd', 'min_support': 5, 'user_based': True}",False
69,0.9374784530693692,0.9409449558151561,0.9441604692458385,0.9305359724905661,0.946529132830672,0.9399297966903204,0.005598810488987283,8,0.7251751394572793,0.7262170851519588,0.7295616623742471,0.7170169885072255,0.7309730408586866,0.7257887832698795,0.0048706370850708555,20,20.255177974700928,0.39807558632810863,2.7250123977661134,0.189639126694175,"{'k': 60, 'sim_options': {'name': 'msd', 'min_support': 5, 'user_based': False}, 'verbose': False}",60,"{'name': 'msd', 'min_support': 5, 'user_based': False}",False
70,0.9997430838888839,1.0042050938829241,1.0047697876136705,0.9935676664022335,1.0101489737267961,1.0024869211029017,0.005548916915790836,88,0.7744700001428323,0.7772047825002627,0.7790316517920387,0.7666207632092906,0.7798294113174784,0.7754313217923805,0.004774951566656265,88,33.37155013084411,0.5007081851529478,1.690150833129883,0.18585540520493551,"{'k': 60, 'sim_options': {'name': 'cosine', 'min_support': 1, 'user_based': True}, 'verbose': False}",60,"{'name': 'cosine', 'min_support': 1, 'user_based': True}",False
71,0.9623866597081475,0.9716700525649152,0.9728244479719917,0.9596283439119835,0.9722317234563767,0.9677482455226828,0.005584431587527187,46,0.7259386434367644,0.7316357812930875,0.7343856538832829,0.7223979794098746,0.7315026310853242,0.7291721378216667,0.004359499876274936,40,54.42233414649964,0.6722073522381958,2.787599277496338,0.19184269488788663,"{'k': 60, 'sim_options': {'name': 'cosine', 'min_support': 1, 'user_based': False}, 'verbose': False}",60,"{'name': 'cosine', 'min_support': 1, 'user_based': False}",False
72,0.9928712225716798,0.9968446321403996,1.0008029002053596,0.9871683104993899,1.0060835226401703,0.9967541176113999,0.006486959279078319,82,0.7710327947663251,0.7727975409941814,0.7753435838021635,0.7641320065949445,0.777812188330671,0.7722236228976571,0.004651621817279219,85,27.850674772262572,1.8196485611028854,1.9608814716339111,0.1123308840270572,"{'k': 60, 'sim_options': {'name': 'cosine', 'min_support': 2, 'user_based': True}, 'verbose': False}",60,"{'name': 'cosine', 'min_support': 2, 'user_based': True}",False
73,0.954779073979613,0.9561365699328588,0.9615871930474232,0.9488209744010674,0.9633890140578378,0.9569425650837602,0.005184975032812221,36,0.7264679834892317,0.72854084874956,0.7330969203000532,0.7214227084928958,0.7343820191633657,0.7287820960390212,0.004680827909761044,39,46.14728498458862,0.7121213140999362,2.880069875717163,0.23264056946006947,"{'k': 60, 'sim_options': {'name': 'cosine', 'min_support': 2, 'user_based': False}, 'verbose': False}",60,"{'name': 'cosine', 'min_support': 2, 'user_based': False}",False
74,0.9810188756058213,0.9853723206864149,0.9879810808435723,0.9775950228868584,0.9944221808419824,0.9852778961729299,0.005798273252993453,77,0.7641114720814918,0.7645740154832721,0.7685594374968684,0.7587723965622655,0.7707677793550888,0.7653570201957973,0.004124404105569888,77,25.995747804641724,0.46551236652014377,1.542745018005371,0.06822208277565195,"{'k': 60, 'sim_options': {'name': 'cosine', 'min_support': 3, 'user_based': True}, 'verbose': False}",60,"{'name': 'cosine', 'min_support': 3, 'user_based': True}",False
75,0.9441101547183592,0.9481015921568259,0.9510714909152698,0.9371429821410076,0.9555526930308691,0.9471957825924664,0.006265132948950638,24,0.7247122532345364,0.7272781975627073,0.7299780075035864,0.716946249458737,0.7338349554874719,0.7265499326494078,0.005673824480886348,27,46.1030686378479,0.11243263112260363,2.8253042221069338,0.1548832128100822,"{'k': 60, 'sim_options': {'name': 'cosine', 'min_support': 3, 'user_based': False}, 'verbose': False}",60,"{'name': 'cosine', 'min_support': 3, 'user_based': False}",False
76,0.9726343012180904,0.9775302489258398,0.9817040568094352,0.9705474513075486,0.9848996107450191,0.9774631338011867,0.00537467041233943,70,0.7574054395514241,0.7589076225892101,0.7641157424587883,0.7532199703299747,0.7653258874532758,0.7597949324765345,0.0044494490526687525,70,24.771514177322388,0.8402426431932741,1.7782358169555663,0.19895776150797942,"{'k': 60, 'sim_options': {'name': 'cosine', 'min_support': 4, 'user_based': True}, 'verbose': False}",60,"{'name': 'cosine', 'min_support': 4, 'user_based': True}",False
77,0.9394318520043629,0.9427440968779252,0.9453325300605909,0.9326658026655208,0.949806108652847,0.9419960780522494,0.00576744858956984,13,0.7246138681790748,0.7261021236314033,0.7285970034249845,0.7167305417668136,0.7326659637115424,0.7257419001427637,0.005266897908813363,14,45.20596804618835,0.26345302957105937,3.0839728355407714,0.26268405313400395,"{'k': 60, 'sim_options': {'name': 'cosine', 'min_support': 4, 'user_based': False}, 'verbose': False}",60,"{'name': 'cosine', 'min_support': 4, 'user_based': False}",False
78,0.967298003466043,0.9724982634568634,0.9767684609161558,0.9652617425182602,0.9796047636879746,0.9722862468090593,0.005439156475932071,58,0.7534017601576097,0.7557631290880957,0.7604229935851867,0.7494058921607225,0.7617959941937239,0.7561579538370677,0.004545786844509395,58,25.72890439033508,0.8521344814310753,1.55655517578125,0.17042036773687377,"{'k': 60, 'sim_options': {'name': 'cosine', 'min_support': 5, 'user_based': True}, 'verbose': False}",60,"{'name': 'cosine', 'min_support': 5, 'user_based': True}",False
79,0.9374898734037719,0.9408333980724507,0.9441427266425527,0.930407653526634,0.9464907114136026,0.9398728726118024,0.005625284180675517,5,0.7251939160890916,0.7261427165085794,0.7296195952319975,0.7170125160298687,0.7309439546203997,0.7257825396959874,0.004873452972986977,17,45.65945415496826,0.28671538905933375,3.1960326194763184,0.09267732169861317,"{'k': 60, 'sim_options': {'name': 'cosine', 'min_support': 5, 'user_based': False}, 'verbose': False}",60,"{'name': 'cosine', 'min_support': 5, 'user_based': False}",False
80,0.9742385389502435,0.9789318390787112,0.9817302308598655,0.9680046217664343,0.9839837205313232,0.9773777902373155,0.005704529920168014,64,0.7579160454961416,0.7595830484615447,0.7627965651497557,0.7513980232582856,0.7635766299980479,0.7590540624727551,0.004350857124224601,64,52.26622934341431,0.37057729628361147,1.6304579734802247,0.17041758454401953,"{'k': 60, 'sim_options': {'name': 'pearson', 'min_support': 1, 'user_based': True}, 'verbose': False}",60,"{'name': 'pearson', 'min_support': 1, 'user_based': True}",False
81,0.9510904977137049,0.9544476538837167,0.9556597492530247,0.945695789639519,0.9589346645774299,0.953165671013479,0.004500014778877862,28,0.7266609560994173,0.7287531494725688,0.7303270687788722,0.7217847495762271,0.7332886633647661,0.7281629174583704,0.003853365005346347,33,80.62518320083618,0.26648192783539876,2.9674423217773436,0.163857215688393,"{'k': 60, 'sim_options': {'name': 'pearson', 'min_support': 1, 'user_based': False}, 'verbose': False}",60,"{'name': 'pearson', 'min_support': 1, 'user_based': False}",False
82,0.9742385389502435,0.9789318390787112,0.9817302308598655,0.9680046217664343,0.9839837205313232,0.9773777902373155,0.005704529920168014,65,0.7579160454961416,0.7595830484615447,0.7627965651497557,0.7513980232582856,0.7635766299980479,0.7590540624727551,0.004350857124224601,65,42.77020864486694,0.5960472523058116,1.6591248035430908,0.1791942427331609,"{'k': 60, 'sim_options': {'name': 'pearson', 'min_support': 2, 'user_based': True}, 'verbose': False}",60,"{'name': 'pearson', 'min_support': 2, 'user_based': True}",False
83,0.9510904977137049,0.9544476538837167,0.9556597492530247,0.945695789639519,0.9589346645774299,0.953165671013479,0.004500014778877862,29,0.7266609560994173,0.7287531494725688,0.7303270687788722,0.7217847495762271,0.7332886633647661,0.7281629174583704,0.003853365005346347,32,75.92734479904175,0.5139515846630526,3.3789956092834474,0.4449768075041637,"{'k': 60, 'sim_options': {'name': 'pearson', 'min_support': 2, 'user_based': False}, 'verbose': False}",60,"{'name': 'pearson', 'min_support': 2, 'user_based': False}",False
84,0.9658110393049244,0.9688001085084341,0.9720282602965683,0.9622310142577253,0.9749495657899809,0.9687639976315265,0.004479236605175351,50,0.7524490578918838,0.7516503417933282,0.7569751019240336,0.7467678392523226,0.7571816247831612,0.7530047931289459,0.0038536281172267053,52,42.78793511390686,1.1530248934129148,1.7376702308654786,0.12415786329028976,"{'k': 60, 'sim_options': {'name': 'pearson', 'min_support': 3, 'user_based': True}, 'verbose': False}",60,"{'name': 'pearson', 'min_support': 3, 'user_based': True}",False
85,0.9407719696500406,0.9458558810800616,0.9487779722503682,0.9348465890795159,0.9522691696370038,0.9445043163393979,0.006125127206234041,21,0.7231250914927422,0.7257700238382576,0.7287270830109956,0.7164946831458774,0.7319040377799426,0.725204183853563,0.0052497059654525976,9,72.72155661582947,0.5422913107347292,3.042493152618408,0.10053722812803419,"{'k': 60, 'sim_options': {'name': 'pearson', 'min_support': 3, 'user_based': False}, 'verbose': False}",60,"{'name': 'pearson', 'min_support': 3, 'user_based': False}",False
86,0.9599030274248561,0.9617464227053764,0.9676460617938426,0.9552676009199501,0.9703702615420692,0.9629866748772189,0.005419565449261922,44,0.7473986953067963,0.7466314014418319,0.7530802801313663,0.741381066499237,0.7548472612433835,0.748667740924523,0.004827209402375144,50,42.10868582725525,0.6027316114854855,1.5416072845458983,0.11125338024254228,"{'k': 60, 'sim_options': {'name': 'pearson', 'min_support': 4, 'user_based': True}, 'verbose': False}",60,"{'name': 'pearson', 'min_support': 4, 'user_based': True}",False
87,0.9374390258429856,0.9411193411031976,0.9458614081235304,0.9306775474876404,0.9485543826642605,0.9407303410443228,0.006318009365860076,10,0.7233333409405319,0.7250138184971613,0.7294203627095625,0.7156750785185352,0.7310774105828203,0.7249040022497223,0.005406672766921059,1,71.04488162994384,0.48277855375895223,2.4197568893432617,0.7335905337214457,"{'k': 60, 'sim_options': {'name': 'pearson', 'min_support': 4, 'user_based': False}, 'verbose': False}",60,"{'name': 'pearson', 'min_support': 4, 'user_based': False}",False
88,0.9572431582241423,0.9582216963168375,0.9630800728533434,0.9509556404379114,0.966608418055126,0.9592217971774722,0.005342153503284492,42,0.7453276246310323,0.7441490913096823,0.7492523565280461,0.7382555301703041,0.7523107125120077,0.7458590630302144,0.004778249968497474,47,42.693192863464354,1.0481252567466248,1.7730645179748534,0.2115134186335591,"{'k': 60, 'sim_options': {'name': 'pearson', 'min_support': 5, 'user_based': True}, 'verbose': False}",60,"{'name': 'pearson', 'min_support': 5, 'user_based': True}",False
89,0.936063559639715,0.9395040748845739,0.9437436285764219,0.9293400012705321,0.9458578089341765,0.9389018146610839,0.005859619485545421,1,0.7244142250489153,0.7250239040532127,0.7294497199907131,0.7162983828968156,0.7302350428961153,0.7250842549771545,0.004964514709849336,4,33.94659028053284,2.6918628787386085,0.811974573135376,0.38262030581581963,"{'k': 60, 'sim_options': {'name': 'pearson', 'min_support': 5, 'user_based': False}, 'verbose': False}",60,"{'name': 'pearson', 'min_support': 5, 'user_based': False}",False
