,split0_test_rmse,split1_test_rmse,split2_test_rmse,split3_test_rmse,split4_test_rmse,mean_test_rmse,std_test_rmse,rank_test_rmse,split0_test_mae,split1_test_mae,split2_test_mae,split3_test_mae,split4_test_mae,mean_test_mae,std_test_mae,rank_test_mae,mean_fit_time,std_fit_time,mean_test_time,std_test_time,params,param_n_factors,param_n_epochs,param_lr_all,param_reg_all
0,0.9007114262095902,0.9047390613158228,0.8885069565798984,0.8958561986412679,0.8971665159981206,0.89739603174894,0.005410200448967755,133,0.6883280481843224,0.6897789369074689,0.6773111411823245,0.6893999638016892,0.687406824942103,0.6864449830035817,0.004642096529711389,137,0.5537705421447754,0.031974899989446054,0.1293649196624756,0.010657848405810176,"{'n_factors': 1, 'n_epochs': 80, 'lr_all': 0.0025, 'reg_all': 0.08}",1,80,0.0025,0.08
1,0.9011243639673746,0.9049442143824186,0.8887711145426439,0.8962143583651072,0.8975822341060169,0.8977272570727124,0.005406425644418448,137,0.6894415243501486,0.6907100453470535,0.6782804678612588,0.6903890698380191,0.6884965311415876,0.6874635277076135,0.004656325342889748,149,0.631520938873291,0.01668879208089953,0.13012151718139647,0.008997857506518287,"{'n_factors': 1, 'n_epochs': 80, 'lr_all': 0.0025, 'reg_all': 0.1}",1,80,0.0025,0.1
2,0.9014451315227325,0.9053822960364399,0.8890630691264987,0.8965471260758756,0.8980951987522428,0.8981065643027579,0.0054460827225634575,144,0.6903891643113407,0.6918530916218064,0.6791558187332523,0.6912901839180048,0.6896879761985608,0.688475246956593,0.004718458200390485,156,0.5895010948181152,0.03481459687297111,0.10545449256896973,0.007260947839739542,"{'n_factors': 1, 'n_epochs': 80, 'lr_all': 0.0025, 'reg_all': 0.12}",1,80,0.0025,0.12
3,0.8921926085847955,0.8979219794496699,0.8822029079126069,0.8893970369375359,0.8892185981712681,0.8901866262111753,0.005082517926885304,3,0.6807969250021229,0.6829258825045453,0.6711505199970209,0.6829480478872269,0.6794398227692402,0.6794522396320313,0.004359214424278709,1,0.5700625896453857,0.02068928609779621,0.09304137229919433,0.01125496785647536,"{'n_factors': 1, 'n_epochs': 80, 'lr_all': 0.005, 'reg_all': 0.08}",1,80,0.005,0.08
4,0.8921156437256423,0.897752801664531,0.8819233095826328,0.8894375086259761,0.8892820799884494,0.8901022687174465,0.00511066182323564,1,0.6816647043048055,0.6838647640693434,0.6717810690820198,0.683862881633708,0.6803382792209158,0.6803023396621585,0.004468505525551629,9,0.5947399139404297,0.06663753010703448,0.1000781536102295,0.010132319093214218,"{'n_factors': 1, 'n_epochs': 80, 'lr_all': 0.005, 'reg_all': 0.1}",1,80,0.005,0.1
5,0.8923307109599448,0.8978932887526102,0.8817323852673776,0.8893396432271009,0.8895493184689279,0.8901690693351924,0.005226584678112761,2,0.6826242659902297,0.6847180893716391,0.6723765175679706,0.6846627290017642,0.6813188594905156,0.6811400922844238,0.0045660925026178335,28,0.6950398445129394,0.04731499185407826,0.11235337257385254,0.01660178273811247,"{'n_factors': 1, 'n_epochs': 80, 'lr_all': 0.005, 'reg_all': 0.12}",1,80,0.005,0.12
6,0.8943991820302557,0.901596207652729,0.885231742067251,0.893042032577202,0.8923737134982805,0.8933285755651437,0.005216368845894232,64,0.6820548422799633,0.685124703561439,0.6734485163757729,0.6854767424458137,0.6807110111807093,0.6813631631687397,0.004350082221303318,32,0.6229482173919678,0.04394558916774721,0.10327816009521484,0.0044171753000171055,"{'n_factors': 1, 'n_epochs': 80, 'lr_all': 0.0075, 'reg_all': 0.08}",1,80,0.0075,0.08
7,0.8936813272776938,0.8996155776197505,0.8845814521377979,0.8917340057971445,0.8913212454415297,0.8921867216547833,0.004821117548156593,54,0.6825503376034434,0.6842636727997617,0.67365701823865,0.6854320261921704,0.6809610478327103,0.6813728205333471,0.004145452584822765,33,0.5633516311645508,0.02251119016931778,0.11010355949401855,0.01831534454231134,"{'n_factors': 1, 'n_epochs': 80, 'lr_all': 0.0075, 'reg_all': 0.1}",1,80,0.0075,0.1
8,0.8935980116893594,0.8998915660094318,0.8843432518300139,0.8909428985935932,0.8912343646110089,0.8920020185466815,0.005003196748855316,49,0.6830423612747488,0.6855061153655263,0.6742464512139038,0.6854649299404102,0.6817438831523247,0.6820007481893827,0.00413686386758198,53,0.5365776538848877,0.05181980863322908,0.09311819076538086,0.009822685174421305,"{'n_factors': 1, 'n_epochs': 80, 'lr_all': 0.0075, 'reg_all': 0.12}",1,80,0.0075,0.12
9,0.8981717197315652,0.9025312122858138,0.8864445686145853,0.8938957824748724,0.8946481028581212,0.8951382771929917,0.005314544115366512,101,0.6862242075968398,0.687753638140113,0.6753199322430903,0.6875524432362036,0.6851353271739409,0.6843971096780376,0.00463682682966868,102,0.5903277397155762,0.01288282209340032,0.09795417785644531,0.010741507387145044,"{'n_factors': 1, 'n_epochs': 90, 'lr_all': 0.0025, 'reg_all': 0.08}",1,90,0.0025,0.08
10,0.8984182373919739,0.9029150372534642,0.8865729573058099,0.8940074577740863,0.895195068571243,0.8954217516593154,0.005394089907822265,106,0.6872277106689669,0.6888476288059093,0.6762670288200391,0.6883655682027637,0.6862699252103623,0.6853955723416083,0.0046516470171942565,120,0.6768060207366944,0.06066642937810857,0.1444479465484619,0.021618406659879484,"{'n_factors': 1, 'n_epochs': 90, 'lr_all': 0.0025, 'reg_all': 0.1}",1,90,0.0025,0.1
11,0.8988719538630553,0.9030304408642459,0.8866848870808501,0.894261600657088,0.8954381514609349,0.8956574067852348,0.005425816103333398,112,0.6882721268908992,0.6897930075649176,0.6770959289415149,0.6893434735541959,0.6872588917937074,0.686352685749047,0.004711128021575884,135,0.7293254375457764,0.03536083177871107,0.12088088989257813,0.013391133438383315,"{'n_factors': 1, 'n_epochs': 90, 'lr_all': 0.0025, 'reg_all': 0.12}",1,90,0.0025,0.12
12,0.8921436149025201,0.8982956110438322,0.8822793611232383,0.88982463491789,0.8894943309563572,0.8904075105887677,0.005147361300708421,8,0.6806734082400288,0.6830453830073131,0.6711747139443013,0.683411392070293,0.6793123763601909,0.6795234547244254,0.004440460683595796,2,0.7288271427154541,0.06386668083006444,0.09652152061462402,0.0063359206711492595,"{'n_factors': 1, 'n_epochs': 90, 'lr_all': 0.005, 'reg_all': 0.08}",1,90,0.005,0.08
13,0.8920488796874816,0.8985237564484335,0.882177996551447,0.8895628266266461,0.8895847670767848,0.8903796452781586,0.005247455691435845,7,0.6814517956558984,0.6839245542374603,0.6720003864805297,0.6840251224183409,0.6801193388281379,0.6803042395240734,0.00441036726018672,10,0.715132188796997,0.02168926441066312,0.11676898002624511,0.01727852716976951,"{'n_factors': 1, 'n_epochs': 90, 'lr_all': 0.005, 'reg_all': 0.1}",1,90,0.005,0.1
14,0.8920878852345953,0.8981934843343081,0.8819566797951287,0.8894221264247242,0.8897180750132385,0.8902756501603989,0.005219596818146148,4,0.6823643767022695,0.6846608978312954,0.6725415262660649,0.6846848166974088,0.6812042293492886,0.6810911693692654,0.00448079232001888,25,0.6993752956390381,0.08758147149677491,0.12333822250366211,0.007880188741275464,"{'n_factors': 1, 'n_epochs': 90, 'lr_all': 0.005, 'reg_all': 0.12}",1,90,0.005,0.12
15,0.8958239788627229,0.9033167760927964,0.887819146614961,0.8941758933265727,0.8942044351623656,0.8950680460118837,0.004953812370341678,99,0.6826652051854417,0.6857071925877792,0.6750193737310558,0.686059315803963,0.6818598825173118,0.6822621939651103,0.003976653549326483,60,0.7380181312561035,0.048858395975756835,0.13371219635009765,0.015242169344823914,"{'n_factors': 1, 'n_epochs': 90, 'lr_all': 0.0075, 'reg_all': 0.08}",1,90,0.0075,0.08
16,0.8947944203456323,0.9018772365789594,0.8856580413487972,0.8934620491531412,0.8925565954828241,0.8936696685818708,0.00517875366144501,74,0.6829274563969111,0.6860161103390429,0.6743798089545714,0.6861000815294411,0.6813094089858801,0.6821465732411693,0.004295038884901549,56,0.695411205291748,0.0167657865594932,0.10920529365539551,0.01493949978243166,"{'n_factors': 1, 'n_epochs': 90, 'lr_all': 0.0075, 'reg_all': 0.1}",1,90,0.0075,0.1
17,0.8952190353037025,0.9010538167250625,0.8844192187387416,0.8919877785657089,0.8925073910165114,0.8930374480699454,0.00537918455951226,62,0.684131435952403,0.686138773730866,0.6743989018657226,0.6858900380929709,0.6824595305464152,0.6826037360376755,0.004312081602505455,69,0.760948657989502,0.04130985517205033,0.10930242538452148,0.009172326817238865,"{'n_factors': 1, 'n_epochs': 90, 'lr_all': 0.0075, 'reg_all': 0.12}",1,90,0.0075,0.12
18,0.8962781126122421,0.9010366211062466,0.8848326586211257,0.8924054669883068,0.8929321784737883,0.893497007560342,0.005313412330870007,69,0.6846281234967465,0.6863700396257851,0.6739580362066785,0.6862374316565141,0.6834301458017286,0.6829247553574905,0.0046130844952150946,72,0.8561700344085693,0.028193517337618122,0.12462139129638672,0.0068105687108753355,"{'n_factors': 1, 'n_epochs': 100, 'lr_all': 0.0025, 'reg_all': 0.08}",1,100,0.0025,0.08
19,0.896513747991592,0.9011516869159514,0.8849012634114536,0.8925974099010112,0.8930937016922534,0.8936515619824522,0.005337305548023629,73,0.6855091399916471,0.6872414375613217,0.6748065927172854,0.6871435318787011,0.6844018122995864,0.6838205028897083,0.004630017455208999,90,0.8539143562316894,0.0317827084356293,0.11250004768371583,0.022384935183647165,"{'n_factors': 1, 'n_epochs': 100, 'lr_all': 0.0025, 'reg_all': 0.1}",1,100,0.0025,0.1
20,0.8968514353196031,0.9014569790767976,0.8851648520011879,0.8926981393678134,0.8936804308002814,0.8939703673131367,0.005358911001182661,80,0.6865830094165566,0.6882426859062198,0.6756851131371086,0.6879578222595368,0.6856156338776553,0.6848168529194154,0.004663647741681753,109,0.8938335418701172,0.03524330024757006,0.15005946159362793,0.018010566172722297,"{'n_factors': 1, 'n_epochs': 100, 'lr_all': 0.0025, 'reg_all': 0.12}",1,100,0.0025,0.12
21,0.8928209141114256,0.8992265969248072,0.8831621003313656,0.8907237835749693,0.8902399345789996,0.8912346659043134,0.00515371615253377,33,0.6810505134836606,0.6835832660637102,0.6716962940650193,0.6840058820813483,0.6793576408102725,0.6799387193008022,0.004457260290248879,5,0.8733803749084472,0.06081062322702315,0.13165383338928222,0.0233852357552699,"{'n_factors': 1, 'n_epochs': 100, 'lr_all': 0.005, 'reg_all': 0.08}",1,100,0.005,0.08
22,0.8920732750244439,0.8990846452277916,0.8830474515020612,0.8900727760714118,0.8899852161729411,0.8908526727997298,0.005129082554592533,23,0.68115055166986,0.6842137655214693,0.6725387168973541,0.684162946530011,0.6804056629346112,0.6804943287106611,0.004266689967881388,14,0.8269847869873047,0.014058698039271126,0.1081782341003418,0.01734149807018384,"{'n_factors': 1, 'n_epochs': 100, 'lr_all': 0.005, 'reg_all': 0.1}",1,100,0.005,0.1
23,0.8926206368679473,0.8985277227791302,0.8825264407611002,0.8896230528697476,0.8897596448688057,0.8906114996293463,0.005172505811177582,18,0.6825982886125798,0.6847074338956965,0.6730733497690742,0.6847690388464781,0.6810563866578182,0.6812408995563294,0.004313932006041373,30,0.8012870788574219,0.01738169265382932,0.1004225730895996,0.010518402093758325,"{'n_factors': 1, 'n_epochs': 100, 'lr_all': 0.005, 'reg_all': 0.12}",1,100,0.005,0.12
24,0.8982504345380046,0.9055291326394147,0.8895098789440652,0.8970129347488365,0.8967681875815758,0.8974141136903795,0.005091327078658117,134,0.684459414561306,0.6873355700449195,0.6758994762283387,0.6878324168991568,0.6835564263712024,0.6838166608209846,0.0042818613994208485,89,0.727703046798706,0.03522015889270255,0.10876455307006835,0.01089841158397412,"{'n_factors': 1, 'n_epochs': 100, 'lr_all': 0.0075, 'reg_all': 0.08}",1,100,0.0075,0.08
25,0.8969419406444197,0.9030396426160532,0.8880066265933169,0.8954679263457728,0.8938140022622555,0.8954540276923636,0.004856111581037833,107,0.6844633613829983,0.6865970127048517,0.6754879553839181,0.6875771385293291,0.6820708353073055,0.6832392606616805,0.004313654067534855,80,0.7785195350646973,0.044626079657356675,0.10364608764648438,0.017186906805412887,"{'n_factors': 1, 'n_epochs': 100, 'lr_all': 0.0075, 'reg_all': 0.1}",1,100,0.0075,0.1
26,0.8965284411253609,0.9025648934835331,0.8863084235416459,0.8932160202444804,0.8934308785899147,0.894409731396987,0.005272758057629593,87,0.6851208777638481,0.6869065498411179,0.6756214798308597,0.6867722145793337,0.6829472821068567,0.6834736808244033,0.0041788115159334845,83,0.7349347114562989,0.027419244892111224,0.09403562545776367,0.014317530097809604,"{'n_factors': 1, 'n_epochs': 100, 'lr_all': 0.0075, 'reg_all': 0.12}",1,100,0.0075,0.12
27,0.9008750468111867,0.9047302561124835,0.8885169307279542,0.8958737605778164,0.8972824053334091,0.89745567991257,0.005423011317019773,135,0.6885406338457791,0.6897936715755015,0.6772345474538554,0.6895100473029812,0.6875118547102265,0.6865181509776688,0.004710491635816885,139,0.6013063430786133,0.02573401258098841,0.09366402626037598,0.010144920172805934,"{'n_factors': 2, 'n_epochs': 80, 'lr_all': 0.0025, 'reg_all': 0.08}",2,80,0.0025,0.08
28,0.9009921263206964,0.9051343520464512,0.8887226149407903,0.896154715938824,0.8976687296685186,0.8977345077830561,0.005460477182283887,138,0.6893655114511221,0.6908708886219087,0.6783028980668964,0.690331057330404,0.6885291255602392,0.687479896206114,0.00465836175618873,150,0.5498610496520996,0.010094086368173823,0.1173635482788086,0.016053673819720345,"{'n_factors': 2, 'n_epochs': 80, 'lr_all': 0.0025, 'reg_all': 0.1}",2,80,0.0025,0.1
29,0.9017544339936534,0.9056166332412666,0.8890679149510309,0.8965485757722766,0.8982280711132697,0.8982431258142995,0.005545342510257093,146,0.6907143528120641,0.6920847586779791,0.6790926376056498,0.6912845927492406,0.6897254301927491,0.6885803544075365,0.004805739738201595,157,0.60794997215271,0.01591942312830954,0.12025279998779297,0.02741333094211298,"{'n_factors': 2, 'n_epochs': 80, 'lr_all': 0.0025, 'reg_all': 0.12}",2,80,0.0025,0.12
30,0.8921814775485089,0.8979812455918179,0.8824130394851274,0.8900512797053768,0.8894950645969509,0.8904244213855563,0.00500755463580069,9,0.6807265393483818,0.6832364925780844,0.6714224655488564,0.6838710903227369,0.6796308855216497,0.6797774946639418,0.004459840435606191,3,0.5783511638641358,0.05191994980546216,0.08854179382324219,0.014469613307975016,"{'n_factors': 2, 'n_epochs': 80, 'lr_all': 0.005, 'reg_all': 0.08}",2,80,0.005,0.08
31,0.8922535810199468,0.8983350238662711,0.8819473359698545,0.8892521623049486,0.8898129547452364,0.8903202115812515,0.005281632666303154,6,0.6817771680082522,0.6841080850287182,0.6717743803468742,0.6839664403886095,0.6807387621429096,0.6804729671830727,0.004535536054084319,13,0.5603166580200195,0.037443472020420546,0.10056872367858886,0.011580188851818602,"{'n_factors': 2, 'n_epochs': 80, 'lr_all': 0.005, 'reg_all': 0.1}",2,80,0.005,0.1
32,0.8923422263524433,0.8981709857081468,0.8822413050675284,0.8895920869697043,0.8900398877456119,0.8904772983686868,0.005127909792357087,11,0.6825813085021506,0.6849148800204858,0.6728149440375957,0.6848816255935506,0.6817632264057026,0.6813911969118971,0.004465564240651864,35,0.588266658782959,0.039600553957885254,0.09421381950378419,0.008418977250385911,"{'n_factors': 2, 'n_epochs': 80, 'lr_all': 0.005, 'reg_all': 0.12}",2,80,0.005,0.12
33,0.8947473801730298,0.901749891101184,0.8861334629694726,0.8928338140942976,0.8926251252883927,0.8936179347252754,0.005000443874786148,72,0.6819661721076535,0.6852172773995856,0.6739900809910232,0.6850940913152869,0.6812398170082685,0.6815014877643636,0.004084593681760964,40,0.5971515655517579,0.018034579257543894,0.09669175148010253,0.011307237640846901,"{'n_factors': 2, 'n_epochs': 80, 'lr_all': 0.0075, 'reg_all': 0.08}",2,80,0.0075,0.08
34,0.8941366744199652,0.90013247482241,0.885453613321048,0.8922680020618812,0.8918338272961264,0.892764918384286,0.0047059885393829215,61,0.6826307138709236,0.6845578996641474,0.6745302427530129,0.6853120573854092,0.6813349285932144,0.6816731684533414,0.003837078936082731,47,0.6224476337432862,0.02501597826293271,0.11241912841796875,0.01549414351908915,"{'n_factors': 2, 'n_epochs': 80, 'lr_all': 0.0075, 'reg_all': 0.1}",2,80,0.0075,0.1
35,0.8938116274438986,0.9002857488872668,0.8840410100157988,0.891451964563068,0.891295206556885,0.8921771114933834,0.00521385432130765,52,0.6833573464282051,0.6858831290400239,0.6741434046551019,0.6859922456740983,0.6816605779571158,0.682207340750909,0.0043470783933977405,58,0.6106934547424316,0.02284826380470896,0.11577057838439941,0.012995695464173581,"{'n_factors': 2, 'n_epochs': 80, 'lr_all': 0.0075, 'reg_all': 0.12}",2,80,0.0075,0.12
36,0.8982027429697199,0.9025653539018718,0.8863746859557313,0.8938698909281885,0.8949045787151563,0.8951834504941336,0.005348012076832246,102,0.6863106619566604,0.6878610290547583,0.6753593941236815,0.6876009848998504,0.6853780968874156,0.6845020333844732,0.004658601284375861,104,0.6879343509674072,0.02505732071030097,0.10877799987792969,0.0057498740637885164,"{'n_factors': 2, 'n_epochs': 90, 'lr_all': 0.0025, 'reg_all': 0.08}",2,90,0.0025,0.08
37,0.8985602330680884,0.9029309377482704,0.8867109418304162,0.8941131590426209,0.8953185904411184,0.8955267724261029,0.005362537817361099,111,0.6873532784503911,0.6888523677765203,0.6763553465916301,0.6884981052518266,0.6863971556655315,0.6854912507471799,0.004649534112683715,123,0.7005889892578125,0.037853600086652124,0.09597530364990234,0.010517974070360097,"{'n_factors': 2, 'n_epochs': 90, 'lr_all': 0.0025, 'reg_all': 0.1}",2,90,0.0025,0.1
38,0.8989762587668192,0.9031537009175273,0.88695871053584,0.8944033047779877,0.895773624894173,0.8958531199784694,0.00537161578775217,116,0.6883304240723415,0.689830658570401,0.6773371949768381,0.6894694772958406,0.6875388309374534,0.6865013171705749,0.004653980901166352,138,0.6705809116363526,0.03423742941808596,0.11122803688049317,0.014235735977677659,"{'n_factors': 2, 'n_epochs': 90, 'lr_all': 0.0025, 'reg_all': 0.12}",2,90,0.0025,0.12
39,0.89243757193398,0.8989385521215243,0.8827840973650056,0.8900893003738253,0.8902621417875365,0.8909023327163743,0.005175217734909186,24,0.6810226712770455,0.6837014411472688,0.671709741938831,0.683547771417246,0.6795235614202471,0.6799010374401278,0.004387245368939098,4,0.7258365154266357,0.04518677963424244,0.11244711875915528,0.01477008624031867,"{'n_factors': 2, 'n_epochs': 90, 'lr_all': 0.005, 'reg_all': 0.08}",2,90,0.005,0.08
40,0.8925864626440829,0.89844196937433,0.8824794374100403,0.8895520502997749,0.8898777826444196,0.8905875404745295,0.005157617173962166,16,0.6820256211343865,0.6838972737155404,0.6722334827930316,0.6841297791143364,0.680613442112656,0.6805799197739901,0.004367162121046477,16,0.7043753623962402,0.053731334470662265,0.09500937461853028,0.021807305412326936,"{'n_factors': 2, 'n_epochs': 90, 'lr_all': 0.005, 'reg_all': 0.1}",2,90,0.005,0.1
41,0.8924613263918607,0.8980910151705074,0.8820724037299607,0.8893260547344156,0.8896295396495693,0.8903160679352627,0.005185776414600442,5,0.6823838771845645,0.6848346871429694,0.6726003840261017,0.684604638390614,0.6811510731849476,0.6811149319858394,0.004474900764996568,26,0.7087296485900879,0.05458499826515762,0.13896260261535645,0.03833533419509213,"{'n_factors': 2, 'n_epochs': 90, 'lr_all': 0.005, 'reg_all': 0.12}",2,90,0.005,0.12
42,0.8977194721449113,0.9046128327882932,0.8875419268872472,0.8969207220802039,0.8951855169648365,0.8963960941730985,0.005466317456398365,127,0.684293845802572,0.6868065020999331,0.674660834611917,0.687376187992192,0.682463607412293,0.6831201955837815,0.004584139570885264,79,0.869561767578125,0.03705095467898411,0.14469594955444337,0.008942219980050025,"{'n_factors': 2, 'n_epochs': 90, 'lr_all': 0.0075, 'reg_all': 0.08}",2,90,0.0075,0.08
43,0.895535416653752,0.902673179232872,0.8873089629500097,0.8940259255736848,0.893173138833423,0.8945433246487482,0.004930717640769168,91,0.6833970366705087,0.6867988384828794,0.6756114689669884,0.6868003518289413,0.6821012359925113,0.6829417863883658,0.004108837047255731,73,0.8677815914154052,0.031561403231514275,0.15303306579589843,0.02416064275945802,"{'n_factors': 2, 'n_epochs': 90, 'lr_all': 0.0075, 'reg_all': 0.1}",2,90,0.0075,0.1
44,0.8948747934858918,0.9013394369450693,0.884809204390848,0.8922146898845055,0.892106356569089,0.8930688962550807,0.005320559537787765,63,0.6839366302617002,0.6864424499064689,0.6742789113316824,0.6862207527181324,0.6819400627479889,0.6825637613931945,0.004457136291511811,67,0.9247468948364258,0.014226395757810529,0.13201122283935546,0.017088878210233832,"{'n_factors': 2, 'n_epochs': 90, 'lr_all': 0.0075, 'reg_all': 0.12}",2,90,0.0075,0.12
45,0.8962446955704733,0.9011616035170589,0.884938362182283,0.8920991614726248,0.8929714332553774,0.8934830511995635,0.00532494994198191,68,0.6847391713816365,0.6865896576419139,0.673945281218588,0.6860647534427695,0.6835629166536596,0.6829803560677135,0.004639093676460234,75,1.0549741744995118,0.034348463134244105,0.1235396385192871,0.022208664270283986,"{'n_factors': 2, 'n_epochs': 100, 'lr_all': 0.0025, 'reg_all': 0.08}",2,100,0.0025,0.08
46,0.8967369181363738,0.9014449982562155,0.885064827227991,0.8925950849504571,0.8933796280728877,0.893844291328785,0.0053850432506868245,77,0.6857849409913463,0.6874934122239951,0.6749765083128726,0.6871243785611704,0.6845900692434715,0.6839938618665712,0.00462435033835427,95,0.9599337577819824,0.05109009769374956,0.1388021945953369,0.014198664709015221,"{'n_factors': 2, 'n_epochs': 100, 'lr_all': 0.0025, 'reg_all': 0.1}",2,100,0.0025,0.1
47,0.896961283485109,0.9016300643795108,0.8853476937757225,0.8929037877615205,0.893806426612649,0.8941298512029023,0.005347977759245742,81,0.6867393294829784,0.6883964208482347,0.6757855711876539,0.6882178266682967,0.6857511453614511,0.6849780587097231,0.004698571286819233,113,0.8438605308532715,0.03374738770348214,0.1118804931640625,0.011480001616402905,"{'n_factors': 2, 'n_epochs': 100, 'lr_all': 0.0025, 'reg_all': 0.12}",2,100,0.0025,0.12
48,0.8930668017978909,0.899846583615091,0.8829569964682337,0.8913244865226142,0.890629986997975,0.891564971080361,0.005401293486922761,42,0.6809298271882409,0.6843834709964206,0.671322060438624,0.6844758797434131,0.6796523671492325,0.6801527211031863,0.0048046594261609,7,0.7753175258636474,0.0507426566594502,0.09403829574584961,0.011495959788815794,"{'n_factors': 2, 'n_epochs': 100, 'lr_all': 0.005, 'reg_all': 0.08}",2,100,0.005,0.08
49,0.8929074722401105,0.8991678487332884,0.882978933848934,0.8900866600464618,0.8901543015840888,0.8910590432905767,0.005219610533498499,29,0.6819981573353927,0.6846403568628014,0.6722468452385469,0.6844476584385565,0.6806188041402423,0.680790364403108,0.004531625712869874,21,0.7406038284301758,0.026478493402696056,0.1045454502105713,0.009186615292067395,"{'n_factors': 2, 'n_epochs': 100, 'lr_all': 0.005, 'reg_all': 0.1}",2,100,0.005,0.1
50,0.8925990828641944,0.8983713270811338,0.8825795561742061,0.8898166417924541,0.8902718048670202,0.8907276825558016,0.005086398018518695,21,0.682644516031795,0.6847513726617562,0.6731107873787553,0.6849850635641848,0.6817403821236462,0.6814464243520275,0.004346247333012734,38,0.7481409549713135,0.02937509579755699,0.1161196231842041,0.040738036113301,"{'n_factors': 2, 'n_epochs': 100, 'lr_all': 0.005, 'reg_all': 0.12}",2,100,0.005,0.12
51,0.9001913106906617,0.9065502896443154,0.8914668085051515,0.8989089801378658,0.8982505954196849,0.8990735968795359,0.004810777033072981,158,0.6863575428085157,0.6887238957204072,0.6782280972870013,0.6892571128265829,0.6848131375616294,0.6854759572408272,0.003964700212661463,122,0.7452516078948974,0.05305648333482002,0.09169554710388184,0.016446988216484704,"{'n_factors': 2, 'n_epochs': 100, 'lr_all': 0.0075, 'reg_all': 0.08}",2,100,0.0075,0.08
52,0.8971763288185564,0.9044328711422353,0.8877268864418525,0.8961563630208482,0.8957435376689894,0.8962471974184965,0.005305208056992191,123,0.6846763508001442,0.6869547419502516,0.6758844891947662,0.6883528116293979,0.6840023635562744,0.6839741514261669,0.004335737537048872,94,0.7502293109893798,0.048455814680168637,0.11157026290893554,0.013064689214281727,"{'n_factors': 2, 'n_epochs': 100, 'lr_all': 0.0075, 'reg_all': 0.1}",2,100,0.0075,0.1
53,0.8953187692994907,0.9031016131793408,0.8871938313896187,0.8944046101546381,0.8932449891826942,0.8946527626411566,0.005089316289396947,92,0.6839970715840283,0.687442154338055,0.6762306977476318,0.6876202946988691,0.6826742076671971,0.6835928852071562,0.004153216567791341,86,0.7264834403991699,0.048218418751686525,0.11291136741638183,0.015197385919863401,"{'n_factors': 2, 'n_epochs': 100, 'lr_all': 0.0075, 'reg_all': 0.12}",2,100,0.0075,0.12
54,0.9007218473323275,0.9047454872416866,0.8886854451496252,0.8961623476811482,0.8974487130914757,0.8975527680992526,0.005335762073484092,136,0.6882410902743172,0.6897353933482996,0.6775598455984925,0.6898203393616656,0.6876979323046581,0.6866109201774867,0.004600515298064755,140,0.6057815074920654,0.03371461285004334,0.09707860946655274,0.011260927072027645,"{'n_factors': 3, 'n_epochs': 80, 'lr_all': 0.0025, 'reg_all': 0.08}",3,80,0.0025,0.08
55,0.9013352840735126,0.9052239927603873,0.8887740153145084,0.8962292769373704,0.8977017450765474,0.8978528628324651,0.0055053638227391,141,0.6897168503707398,0.6908438700800881,0.6781896047089374,0.6904614208036025,0.6886108559585518,0.6875645203843839,0.004748948365506881,152,0.614945650100708,0.02374883769252378,0.10030512809753418,0.015221867557868154,"{'n_factors': 3, 'n_epochs': 80, 'lr_all': 0.0025, 'reg_all': 0.1}",3,80,0.0025,0.1
56,0.9016040716410918,0.9054502775263216,0.8893438423961993,0.8966520700060987,0.8984493608330948,0.8982999244805612,0.0053850552277901285,148,0.6904974699167911,0.6918633324744525,0.6794716693001596,0.6913642721660868,0.6899234864798136,0.6886240460674606,0.004625280062725774,159,0.6079562187194825,0.023897704894712917,0.1258406162261963,0.02373771440458476,"{'n_factors': 3, 'n_epochs': 80, 'lr_all': 0.0025, 'reg_all': 0.12}",3,80,0.0025,0.12
57,0.8923752710159294,0.8985490417447929,0.8822265859331158,0.8899327628441164,0.8899224087334648,0.8906012140542838,0.0052413212638225334,17,0.6810387289287642,0.6836140306744541,0.6715904807707085,0.6836530094207321,0.6799011547810764,0.6799594809151471,0.004431844500774954,6,0.6298527240753173,0.03906660694587664,0.11673321723937988,0.015040787139612134,"{'n_factors': 3, 'n_epochs': 80, 'lr_all': 0.005, 'reg_all': 0.08}",3,80,0.005,0.08
58,0.8925238651380932,0.8981631862156144,0.882083331767181,0.8899881194286913,0.8898052662922664,0.8905127537683694,0.005184681679035325,15,0.6819457028899539,0.6842076370745735,0.6719351864860648,0.6844107241402284,0.6807591699365485,0.6806516841054738,0.0045703074747541865,17,0.6620307445526123,0.030147160572025742,0.10240964889526367,0.023991779856452233,"{'n_factors': 3, 'n_epochs': 80, 'lr_all': 0.005, 'reg_all': 0.1}",3,80,0.005,0.1
59,0.8926224777323979,0.8983548804519313,0.881878716074278,0.8894530646354274,0.8901591105016525,0.8904936498791374,0.0053243341903767005,13,0.6827554368815594,0.6850289085996495,0.6724129943878381,0.6847513908278888,0.6819479638899741,0.6813793389173819,0.004632545890583912,34,0.6589188575744629,0.04654746408354294,0.09430537223815919,0.011332143362897411,"{'n_factors': 3, 'n_epochs': 80, 'lr_all': 0.005, 'reg_all': 0.12}",3,80,0.005,0.12
60,0.8966842148577332,0.9015626402831153,0.8875886918407601,0.8946472448881277,0.8941874925730893,0.8949340568885651,0.004507664091784163,97,0.6836125012889244,0.6849068614454842,0.6753438934722097,0.6868308917087036,0.6815897978222117,0.6824567891475066,0.003945028691424227,66,0.6347432613372803,0.01793413008304622,0.10328412055969238,0.0028278733212234704,"{'n_factors': 3, 'n_epochs': 80, 'lr_all': 0.0075, 'reg_all': 0.08}",3,80,0.0075,0.08
61,0.8941949982179392,0.9005734544002769,0.8846949441257387,0.891447824909482,0.8915933096952362,0.8925009062697346,0.005116673484515971,58,0.6825284498062433,0.6855801001092882,0.6739073739634952,0.6849700786654443,0.6811378287565655,0.6816247662602073,0.004182049184108144,45,0.6204891204833984,0.04981109171256366,0.1110422134399414,0.013173367323605597,"{'n_factors': 3, 'n_epochs': 80, 'lr_all': 0.0075, 'reg_all': 0.1}",3,80,0.0075,0.1
62,0.8938989150466717,0.9006774012412457,0.8845389293462076,0.8913104968317317,0.8908629247424086,0.892257733441653,0.0052154955293371415,55,0.6834679586923813,0.6860596836856887,0.6745550361319155,0.6857427757679452,0.6818656241329739,0.6823382156821809,0.004183727989051393,63,0.6507481575012207,0.02145543680129856,0.10541753768920899,0.02134237789296821,"{'n_factors': 3, 'n_epochs': 80, 'lr_all': 0.0075, 'reg_all': 0.12}",3,80,0.0075,0.12
63,0.8984030619199855,0.9027887459190239,0.8864260413471837,0.8940010708076978,0.8947716898142358,0.8952781219616254,0.005411494920020457,103,0.6863914444313716,0.6880215118684311,0.6755542950230625,0.6877378257261555,0.6850847216740246,0.684557959744609,0.004621966326574094,107,0.8564136028289795,0.043299263168583575,0.10582671165466309,0.021753778252254836,"{'n_factors': 3, 'n_epochs': 90, 'lr_all': 0.0025, 'reg_all': 0.08}",3,90,0.0025,0.08
64,0.89875841622075,0.9029394460837205,0.8868591566324943,0.894418904808839,0.8954203985946687,0.8956792644680945,0.0053224286345703985,113,0.6875010769274833,0.688835190484547,0.6766048556853546,0.6887713571897897,0.6866232743578462,0.6856671509290042,0.004605979218301719,126,0.7817458152770996,0.033670781635268106,0.09175496101379395,0.024095301735027094,"{'n_factors': 3, 'n_epochs': 90, 'lr_all': 0.0025, 'reg_all': 0.1}",3,90,0.0025,0.1
65,0.8989615590998342,0.9033303385690181,0.8869653751469131,0.8945210424875999,0.8958593976537256,0.8959275425914182,0.005409435756846211,117,0.6884725783011401,0.6900654870711654,0.6773508848381088,0.6895440851177596,0.687662164769505,0.6866190400195358,0.0047086367449339864,141,0.7318770885467529,0.005173770473112733,0.11237702369689942,0.006989786410604246,"{'n_factors': 3, 'n_epochs': 90, 'lr_all': 0.0025, 'reg_all': 0.12}",3,90,0.0025,0.12
66,0.8926282414704657,0.8990884299136306,0.8830369523806897,0.8904608127438718,0.8899670653045884,0.8910363003626494,0.005154320217871138,28,0.6813414551396743,0.6839386737715217,0.6719288878397878,0.6838350087019219,0.6799867338032126,0.6802061518512236,0.00440341865554337,8,0.7554964542388916,0.017088380836666646,0.11997876167297364,0.012066347773415706,"{'n_factors': 3, 'n_epochs': 90, 'lr_all': 0.005, 'reg_all': 0.08}",3,90,0.005,0.08
67,0.8926897868147206,0.8981897343243009,0.882104585768848,0.8895184159293958,0.8900385309479522,0.8905082107570435,0.005207423245250792,14,0.6822361319559451,0.6839557713166983,0.6720855478037527,0.6839774789289156,0.6806438556391049,0.6805797571288833,0.0044236017784745115,15,0.8172377586364746,0.04059916075569646,0.11538047790527343,0.013648874819352296,"{'n_factors': 3, 'n_epochs': 90, 'lr_all': 0.005, 'reg_all': 0.1}",3,90,0.005,0.1
68,0.8925613414399335,0.8983619767116617,0.8821861199005947,0.8895492590663343,0.8897223988887397,0.8904762192014527,0.005228501751616213,10,0.682785111461348,0.6848959355080535,0.6726778043659808,0.6849657021161351,0.6813166105659104,0.6813282328034855,0.004536788032103346,31,0.7493024349212647,0.06407829099452413,0.10315237045288086,0.021382062313928363,"{'n_factors': 3, 'n_epochs': 90, 'lr_all': 0.005, 'reg_all': 0.12}",3,90,0.005,0.12
69,0.8981777335642437,0.9046802229193397,0.8893359657878018,0.8952476209151565,0.8972891173736719,0.8969461321120427,0.004944698441984744,132,0.6851111558208136,0.6871820743990379,0.676323463275591,0.6865774189451529,0.684330364592049,0.6839048954065289,0.003924193817444711,91,0.7195577144622802,0.04559528909020943,0.11156549453735351,0.02364593405175425,"{'n_factors': 3, 'n_epochs': 90, 'lr_all': 0.0075, 'reg_all': 0.08}",3,90,0.0075,0.08
70,0.8958853269217519,0.9021362239148775,0.8873699853988968,0.8940701535987641,0.8941683502389502,0.8947260080146482,0.0047139689423978245,94,0.6837233917280655,0.6857607291619754,0.6759582697651554,0.6869874275251392,0.6827433255376693,0.683034628743601,0.0038390194085670707,77,0.7467854022979736,0.027128333372728283,0.10477404594421387,0.015150600000947454,"{'n_factors': 3, 'n_epochs': 90, 'lr_all': 0.0075, 'reg_all': 0.1}",3,90,0.0075,0.1
71,0.8950401206345407,0.9013337533423925,0.8858953367667524,0.8929356985637598,0.8924578813235629,0.8935325581262017,0.004959228028197649,70,0.6839053705187246,0.6862466660022074,0.6754498875132529,0.6868280451476882,0.6822822490728244,0.6829424436509395,0.004086985853858935,74,0.7381828784942627,0.055572482025113966,0.12174983024597168,0.012972224379305227,"{'n_factors': 3, 'n_epochs': 90, 'lr_all': 0.0075, 'reg_all': 0.12}",3,90,0.0075,0.12
72,0.8963955011512048,0.9010815356193382,0.8850828007925373,0.8922103918815162,0.8932163907269124,0.8935973240343017,0.005261349926450626,71,0.6849216383723448,0.686451066399974,0.674248953128067,0.686131632686976,0.6836526260352851,0.6830811833245294,0.004525118010682726,78,0.8377299785614014,0.04623608743815777,0.08863358497619629,0.02118098059773075,"{'n_factors': 3, 'n_epochs': 100, 'lr_all': 0.0025, 'reg_all': 0.08}",3,100,0.0025,0.08
73,0.8968517925280389,0.9014589825983401,0.8850828100231649,0.8927372693032736,0.8933956477557906,0.8939053004417215,0.00538888317787894,78,0.685838292044207,0.6874492740922226,0.6750182867453401,0.6872128407700616,0.68459518338656,0.6840227754076783,0.004617834511401153,96,0.7660115718841553,0.019993369155189605,0.0827211856842041,0.012036149799018356,"{'n_factors': 3, 'n_epochs': 100, 'lr_all': 0.0025, 'reg_all': 0.1}",3,100,0.0025,0.1
74,0.897020336284732,0.9015220751174039,0.8852290038483278,0.8930259491489467,0.8938932925021305,0.8941381313803081,0.005357222769248892,82,0.6867753325771078,0.6883640251397325,0.6757641125709193,0.68832569041203,0.6858460816650592,0.6850150484729698,0.004723240966130508,115,0.8247028350830078,0.015455147529620671,0.11598572731018067,0.0231932873319892,"{'n_factors': 3, 'n_epochs': 100, 'lr_all': 0.0025, 'reg_all': 0.12}",3,100,0.0025,0.12
75,0.8935487192030411,0.8998209575587615,0.8835343311516863,0.8911203320873313,0.8906640811966184,0.8917376842394876,0.005243050719759754,46,0.6816076885482629,0.6840670045785723,0.6722291630664122,0.6842983361666088,0.6798827240979212,0.6804169832915555,0.004407520107043397,12,0.8067049503326416,0.02606155865032762,0.11668982505798339,0.016722247402996528,"{'n_factors': 3, 'n_epochs': 100, 'lr_all': 0.005, 'reg_all': 0.08}",3,100,0.005,0.08
76,0.8927252996064874,0.8990215042216506,0.8827807846122144,0.8903048973454611,0.8897731027578438,0.8909211177087315,0.005231329138272486,26,0.6820236607460346,0.6842876096454951,0.6727105364823188,0.6845445776221362,0.6804237647109058,0.6807980298413782,0.004318879063321145,22,0.7747113227844238,0.00882748170687775,0.09772067070007324,0.0207266441282976,"{'n_factors': 3, 'n_epochs': 100, 'lr_all': 0.005, 'reg_all': 0.1}",3,100,0.005,0.1
77,0.8927130584275433,0.8988122942391138,0.8825680855871829,0.8903172848783208,0.8901577441289736,0.8909136934522269,0.005219232547193994,25,0.682842281767139,0.6851291287446278,0.6732014784295444,0.6851437463172161,0.6814494541411453,0.6815532178799345,0.004406881832705407,43,0.8612497329711915,0.032108190701669224,0.09730167388916015,0.013200065520018631,"{'n_factors': 3, 'n_epochs': 100, 'lr_all': 0.005, 'reg_all': 0.12}",3,100,0.005,0.12
78,0.9002432915823126,0.9080278389171962,0.8936436535200668,0.8995322754358779,0.9000803194761741,0.9003054757863256,0.004575306967918394,159,0.6854488320145946,0.6898129284522853,0.679477305671441,0.6898791259606891,0.6855748892729543,0.6860386162743928,0.0038107383037962374,130,0.8714267253875733,0.052537792433951805,0.09710230827331542,0.012769467524614612,"{'n_factors': 3, 'n_epochs': 100, 'lr_all': 0.0075, 'reg_all': 0.08}",3,100,0.0075,0.08
79,0.8976042820975783,0.9051841668768856,0.889245049420135,0.8965567002541199,0.8960476843455117,0.8969275765988461,0.005070743472975545,131,0.685038328332713,0.6881798283662088,0.677179868842261,0.6894524440840304,0.6838376605880183,0.6847376260426463,0.0042918135930268735,108,0.8866054534912109,0.05007744009811247,0.14022274017333985,0.022205438198819195,"{'n_factors': 3, 'n_epochs': 100, 'lr_all': 0.0075, 'reg_all': 0.1}",3,100,0.0075,0.1
80,0.8973996566589877,0.903055575282555,0.8874785556300476,0.8949071502039178,0.8941733283961518,0.8954028532343319,0.005041890994605212,105,0.6857851830217407,0.6881205018359562,0.6767548348812421,0.6883831545269048,0.6836727254143149,0.6845432799360317,0.004254438111337004,105,1.0234357833862304,0.05978838480726925,0.1090005874633789,0.017242663874713203,"{'n_factors': 3, 'n_epochs': 100, 'lr_all': 0.0075, 'reg_all': 0.12}",3,100,0.0075,0.12
81,0.9011830246742412,0.9049148584261959,0.8892504886924076,0.8963771612814901,0.8974719354398099,0.8978394937028289,0.005239933350372175,140,0.6887344741958249,0.6900440079616385,0.6780926307311764,0.6899732535386539,0.68776270546074,0.6869214143776068,0.004494589863878779,143,0.8516117095947265,0.06694037293780704,0.10414495468139648,0.008906065840320575,"{'n_factors': 5, 'n_epochs': 80, 'lr_all': 0.0025, 'reg_all': 0.08}",5,80,0.0025,0.08
82,0.9015582243958247,0.9053474380611782,0.8889424985540524,0.8966006936514975,0.8981665145409197,0.8981230738406945,0.005488063207639214,145,0.6897537319188164,0.6911280471611186,0.6785242299539119,0.690715745802981,0.6892225913686805,0.6878688692411018,0.004720900363132704,153,0.7926440238952637,0.027501574510507686,0.09718093872070313,0.012799866370911636,"{'n_factors': 5, 'n_epochs': 80, 'lr_all': 0.0025, 'reg_all': 0.1}",5,80,0.0025,0.1
83,0.901972780063445,0.9056521440615963,0.8894314875102033,0.8969583761991177,0.8987410107972494,0.8985511597263223,0.005438251343664397,152,0.6908453642244594,0.6921395056890387,0.6796241640644763,0.691671607086805,0.6903083472590691,0.6889177976647697,0.004690066853239331,160,0.7490917682647705,0.06659700138115407,0.1097641944885254,0.02917789611664651,"{'n_factors': 5, 'n_epochs': 80, 'lr_all': 0.0025, 'reg_all': 0.12}",5,80,0.0025,0.12
84,0.8926382758507915,0.8992920887317112,0.8824578941009638,0.890840839863734,0.8900978456545373,0.8910653888403475,0.005389398712250028,30,0.6811855957846982,0.6842848451439544,0.6713607767354117,0.6843072537124649,0.6805303095747226,0.6803337561902503,0.0047471762281107695,11,0.7386032581329346,0.05767501935270367,0.1308337688446045,0.023963635264605772,"{'n_factors': 5, 'n_epochs': 80, 'lr_all': 0.005, 'reg_all': 0.08}",5,80,0.005,0.08
85,0.8929183131298379,0.8979583385500115,0.8824868845773031,0.8898812496789269,0.8900671690161576,0.8906623909904473,0.005022417974432382,20,0.6824898281524905,0.6838173366882759,0.6724105785046046,0.6844948591706715,0.6810567754264966,0.6808538755885079,0.004382821874508027,23,0.7963844299316406,0.041297608301389704,0.10591268539428711,0.02528800283646255,"{'n_factors': 5, 'n_epochs': 80, 'lr_all': 0.005, 'reg_all': 0.1}",5,80,0.005,0.1
86,0.8924571479982918,0.8986276373473423,0.8822392627896303,0.8897621094347227,0.8901756450671057,0.8906523605274185,0.005266162100679391,19,0.6828388419321989,0.6853601672248394,0.6729229599826902,0.6851648968096291,0.6818741395849006,0.6816322011068517,0.004555064600477723,46,0.7404799938201905,0.012962686994610766,0.1251678466796875,0.020670168882190917,"{'n_factors': 5, 'n_epochs': 80, 'lr_all': 0.005, 'reg_all': 0.12}",5,80,0.005,0.12
87,0.896685982732283,0.9031349554992084,0.889045939933484,0.8945484774416003,0.893329653596051,0.8953490018405252,0.004622894944292303,104,0.6837651795275494,0.6861797462413994,0.6760107156248552,0.6867257226189079,0.6818161475350256,0.6828995023095474,0.003867257392743716,71,0.8190990447998047,0.08119936991918021,0.11945538520812989,0.023824084176886095,"{'n_factors': 5, 'n_epochs': 80, 'lr_all': 0.0075, 'reg_all': 0.08}",5,80,0.0075,0.08
88,0.894774022475697,0.9012267295580745,0.8851065896740666,0.893093454922049,0.8926577523431156,0.8933717097946005,0.005149120079462397,65,0.683586091682673,0.6856375833748624,0.6741714050019573,0.6863404892747259,0.6818534516508397,0.6823178041970117,0.004367858177705876,62,0.7741529464721679,0.02660620674023335,0.12777647972106934,0.013412133430908432,"{'n_factors': 5, 'n_epochs': 80, 'lr_all': 0.0075, 'reg_all': 0.1}",5,80,0.0075,0.1
89,0.8940239128227686,0.900505692306253,0.8842522098920681,0.8919220758720995,0.8914672239930679,0.8924342229772513,0.005211879713746129,57,0.683231897942745,0.6866864670194661,0.6743995037175603,0.6863044482333821,0.682198267459338,0.6825641168744983,0.004432257545407141,68,0.7600349426269531,0.0523355465653124,0.1218254566192627,0.01928644416814802,"{'n_factors': 5, 'n_epochs': 80, 'lr_all': 0.0075, 'reg_all': 0.12}",5,80,0.0075,0.12
90,0.8984796952580061,0.9030158601135339,0.8866787958520199,0.8940417220737978,0.8950608968623082,0.8954553940319331,0.005394252817782596,108,0.6868646676116359,0.6882856486460702,0.6757945054019917,0.6878798370619529,0.685569899240057,0.6848789115923415,0.004638071533647049,110,0.8744529724121094,0.047683861859241006,0.11047649383544922,0.020217425879048883,"{'n_factors': 5, 'n_epochs': 90, 'lr_all': 0.0025, 'reg_all': 0.08}",5,90,0.0025,0.08
91,0.8990977057748258,0.9034296838561902,0.8871344801491347,0.8945118113322752,0.8956698856720418,0.8959687133568934,0.005398374055333569,119,0.6878924551566824,0.6894636208137086,0.6770759992452582,0.6888611887046543,0.6867104398775138,0.6860007407595634,0.004558661382717983,128,0.9039540767669678,0.04019248356039076,0.11029105186462403,0.027874504031141945,"{'n_factors': 5, 'n_epochs': 90, 'lr_all': 0.0025, 'reg_all': 0.1}",5,90,0.0025,0.1
92,0.8992733367419024,0.9035676236663869,0.8873563698554097,0.8946454682780126,0.8960900662039093,0.8961865729491241,0.005373356944009019,121,0.6887094058895392,0.6904136309257328,0.6777136961246925,0.689588144856767,0.6877846129663913,0.6868418981526245,0.00464756957113681,142,0.8227904319763184,0.012626525492052728,0.11867446899414062,0.014466781703584604,"{'n_factors': 5, 'n_epochs': 90, 'lr_all': 0.0025, 'reg_all': 0.12}",5,90,0.0025,0.12
93,0.8932688235029494,0.9005181081276741,0.8837777566990246,0.8908185683729664,0.8910667208118268,0.8918899955028883,0.005366183929802028,47,0.681432943664565,0.684546341883174,0.6726365862160837,0.6841514484418667,0.6806166475199533,0.6806767935451286,0.004295740807669648,18,0.8593127250671386,0.01728832975789344,0.12914905548095704,0.006886582169470051,"{'n_factors': 5, 'n_epochs': 90, 'lr_all': 0.005, 'reg_all': 0.08}",5,90,0.005,0.08
94,0.892605662606363,0.8981493171429351,0.8826852722338057,0.8900726425475831,0.8904922440821061,0.8908010277225585,0.004974845604085006,22,0.6822228432833339,0.683849091931012,0.6722692074927569,0.6843082896250233,0.6810578178185104,0.6807414500301272,0.004392113182513709,20,0.8964356422424317,0.08758174513004903,0.15513010025024415,0.06584698890589999,"{'n_factors': 5, 'n_epochs': 90, 'lr_all': 0.005, 'reg_all': 0.1}",5,90,0.005,0.1
95,0.8925143646596636,0.8982933639983373,0.8820357730188098,0.8896889494742897,0.8899033871956531,0.8904871676693507,0.005243095502311704,12,0.6829580509345101,0.6851035836250119,0.6728480220881109,0.6851550692829619,0.6817411046662496,0.6815611661193689,0.0045468099962598435,44,0.9161111354827881,0.029937911591613842,0.11207222938537598,0.014977413668236555,"{'n_factors': 5, 'n_epochs': 90, 'lr_all': 0.005, 'reg_all': 0.12}",5,90,0.005,0.12
96,0.8989482614667152,0.9062400364683604,0.8900589210327385,0.8981248508869278,0.8969168956439321,0.8980577930997347,0.005158103111642176,142,0.6849419418039794,0.6881979099059926,0.6775536327138363,0.6895191701195631,0.6848213355277148,0.6850067980142173,0.00415049329067383,114,0.8666155815124512,0.030893869817696328,0.09285778999328613,0.007197564280217172,"{'n_factors': 5, 'n_epochs': 90, 'lr_all': 0.0075, 'reg_all': 0.08}",5,90,0.0075,0.08
97,0.8969434642442733,0.9032362591577151,0.887426924599362,0.8950556861083855,0.8948312821223533,0.8954987232464179,0.005054748885708961,110,0.6844678467754282,0.6873270949143,0.675668390171218,0.6881749031546487,0.6839037488839509,0.6839083967799092,0.004429476004935045,92,0.8440911293029785,0.013457378559955777,0.10338764190673828,0.01825972040951434,"{'n_factors': 5, 'n_epochs': 90, 'lr_all': 0.0075, 'reg_all': 0.1}",5,90,0.0075,0.1
98,0.8962852700568086,0.9014226618234934,0.8844053896390925,0.8927850965568916,0.8940586447524763,0.8937914125657525,0.005543226528846981,76,0.6852813993146729,0.6869338589911347,0.6747494404339947,0.6871466296352701,0.6837629136041036,0.6835748483958352,0.004579870820356802,85,0.8495848178863525,0.04533801219797819,0.11389298439025879,0.007745082283002714,"{'n_factors': 5, 'n_epochs': 90, 'lr_all': 0.0075, 'reg_all': 0.12}",5,90,0.0075,0.12
99,0.8965750512932034,0.901659093598026,0.885342107892316,0.8927418612967766,0.8933917735554867,0.8939419775271619,0.005332686359084504,79,0.6850215579235486,0.6871016017735019,0.6742524115871615,0.6866816608851547,0.6839440552088878,0.6834002574756509,0.004713278550302658,81,0.8879333019256592,0.02521478187274762,0.11356759071350098,0.01877417758416043,"{'n_factors': 5, 'n_epochs': 100, 'lr_all': 0.0025, 'reg_all': 0.08}",5,100,0.0025,0.08
100,0.8972586016668352,0.9016711675753655,0.885331304065205,0.8927536195598217,0.8940306713326911,0.8942090728399836,0.005402729563333433,84,0.6862312394349371,0.6878952232510994,0.6750538722630411,0.6871969295764797,0.6851890575805873,0.6843132644212289,0.004718642574656235,101,0.9485874176025391,0.04758012532831843,0.1068108081817627,0.02148951382925679,"{'n_factors': 5, 'n_epochs': 100, 'lr_all': 0.0025, 'reg_all': 0.1}",5,100,0.0025,0.1
101,0.8973172040454093,0.9022762637904912,0.885469611279964,0.8928352434598855,0.8943086241597368,0.8944413893470973,0.005527127655747595,89,0.6870865743123276,0.68894342824112,0.6759879658975305,0.6880886620989191,0.6863862073778499,0.6852985675855494,0.004735754823843849,119,0.99019455909729,0.0911516385943217,0.11650032997131347,0.020402414836788042,"{'n_factors': 5, 'n_epochs': 100, 'lr_all': 0.0025, 'reg_all': 0.12}",5,100,0.0025,0.12
102,0.893088900576257,0.9008350448804328,0.8840350156610727,0.8915860119974368,0.8913826081112843,0.8921855162452967,0.005349115355790425,53,0.6821061441554079,0.6853246546442153,0.6722887538831719,0.6845509940825859,0.6805530724624657,0.6809647238455694,0.0046607956993465986,24,1.0256525516510009,0.06226558511373461,0.11817326545715331,0.012070260409697381,"{'n_factors': 5, 'n_epochs': 100, 'lr_all': 0.005, 'reg_all': 0.08}",5,100,0.005,0.08
103,0.8931786955896724,0.8995653822382464,0.8834394615217271,0.8909045772506808,0.891109980120749,0.8916396193442152,0.005162361204754015,44,0.6824576009708272,0.6847781341689387,0.6730296936844434,0.6852374536225171,0.6815540805431362,0.6814113925979726,0.004412289207551837,37,0.943361234664917,0.056589726700669356,0.10773115158081055,0.006211183176527984,"{'n_factors': 5, 'n_epochs': 100, 'lr_all': 0.005, 'reg_all': 0.1}",5,100,0.005,0.1
104,0.8927982788581955,0.8994359514638011,0.8834652255451234,0.890771927552954,0.8903955653095363,0.8913733897459221,0.0051164864675212396,39,0.6829097820185999,0.6860087901578635,0.6738203608874201,0.6859381623837429,0.681798827575407,0.6820951846046067,0.004456655486428611,55,0.9045801639556885,0.029551667338091222,0.11414990425109864,0.010670241579365764,"{'n_factors': 5, 'n_epochs': 100, 'lr_all': 0.005, 'reg_all': 0.12}",5,100,0.005,0.12
105,0.9017758169166821,0.9102844261038655,0.8924469944587003,0.9003427257189474,0.8991334557870265,0.9007966837970443,0.005721287847040182,160,0.6883635527405648,0.6917784406520546,0.6794627414277722,0.6906314297658015,0.6853755651336791,0.6871223459439744,0.004410312144394423,145,0.9488388061523437,0.030044720096526253,0.11510648727416992,0.024036759695815913,"{'n_factors': 5, 'n_epochs': 100, 'lr_all': 0.0075, 'reg_all': 0.08}",5,100,0.0075,0.08
106,0.8998313009431717,0.9060626026726211,0.8894121317631264,0.8969081322421782,0.8966608228787434,0.8977749980999681,0.00538225133457178,139,0.6872337214443676,0.6889961801528467,0.6778595703556763,0.6889228167272037,0.6842217122859044,0.6854468001931997,0.004169910636656229,121,1.0141360282897949,0.0819150075855833,0.12828950881958007,0.00484510130076938,"{'n_factors': 5, 'n_epochs': 100, 'lr_all': 0.0075, 'reg_all': 0.1}",5,100,0.0075,0.1
107,0.8971887281112487,0.9027042218220355,0.8877573431439664,0.8942072720103676,0.8955135347354833,0.8954742199646203,0.00482430006691584,109,0.685294892333282,0.6876795574874391,0.6764577031840834,0.687489127802717,0.6844647058706437,0.6842771973356332,0.004101412031801754,100,0.9491560935974122,0.05241054781728975,0.10388426780700684,0.019207447090497872,"{'n_factors': 5, 'n_epochs': 100, 'lr_all': 0.0075, 'reg_all': 0.12}",5,100,0.0075,0.12
108,0.9016936824813209,0.9056640737918826,0.889090109760218,0.8967077910885316,0.898350272079173,0.8983011858402252,0.005533649632814997,149,0.689355751338266,0.6907440510246472,0.6778862905716794,0.6901940955126518,0.6884469417093296,0.6873254260313147,0.004783169617139192,147,0.7889070510864258,0.062113038724212144,0.11475043296813965,0.00815857095489884,"{'n_factors': 7, 'n_epochs': 80, 'lr_all': 0.0025, 'reg_all': 0.08}",7,80,0.0025,0.08
109,0.9017093745581963,0.9057344490348965,0.8890710792051186,0.8966991565712613,0.8980495498022405,0.8982527218343428,0.005562051693914721,147,0.6897750658620938,0.6915255443652019,0.6786979525141211,0.690821340927197,0.6890438048358903,0.6879727417009007,0.004714958905523549,155,0.8654728889465332,0.05767752670447389,0.12525014877319335,0.03388740283032426,"{'n_factors': 7, 'n_epochs': 80, 'lr_all': 0.0025, 'reg_all': 0.1}",7,80,0.0025,0.1
110,0.9022218696858696,0.9058168151771439,0.8897502782714882,0.8968120940964462,0.8986107178114174,0.898642355008473,0.005416746046332587,154,0.6911288081485656,0.6922620641883762,0.679728636626458,0.6916315175060119,0.6901529090980434,0.688980787113491,0.004677249272906041,161,0.8778452396392822,0.00850947393966229,0.10408558845520019,0.007712051219386961,"{'n_factors': 7, 'n_epochs': 80, 'lr_all': 0.0025, 'reg_all': 0.12}",7,80,0.0025,0.12
111,0.8929641415337818,0.8988637299462643,0.8831172803813947,0.8907258250527799,0.8906432901158643,0.891262853406017,0.005053520030550883,34,0.68182951750855,0.6840037644592895,0.6722118183339888,0.6846419824258284,0.6807250439578671,0.6806824253371048,0.004467173730699987,19,0.9206376552581788,0.06447702473394225,0.11213064193725586,0.01507267424369559,"{'n_factors': 7, 'n_epochs': 80, 'lr_all': 0.005, 'reg_all': 0.08}",7,80,0.005,0.08
112,0.8930396936099433,0.8981112016744388,0.882533284701562,0.890515173523643,0.8908168636864957,0.8910032434392166,0.0050335544149994,27,0.6826671556438156,0.6842153141934079,0.6724593363518301,0.6851260032312383,0.6816973497217329,0.6812330318284049,0.004545311188192695,29,0.9307034492492676,0.0414743745916489,0.1319654941558838,0.009104098313118206,"{'n_factors': 7, 'n_epochs': 80, 'lr_all': 0.005, 'reg_all': 0.1}",7,80,0.005,0.1
113,0.8932622102037469,0.89921340926842,0.8824209957712791,0.8901748827259456,0.8903797120441737,0.8910902420027131,0.005425898228712604,31,0.6834370054584564,0.6860237864735914,0.6728969467305651,0.6854828385289247,0.6820853203004177,0.6819851794983911,0.004759364802885904,52,0.8951866626739502,0.03721155904609872,0.10284128189086914,0.015775886390777632,"{'n_factors': 7, 'n_epochs': 80, 'lr_all': 0.005, 'reg_all': 0.12}",7,80,0.005,0.12
114,0.898305607713589,0.9044253795478642,0.889295081290824,0.8952199862814362,0.8957888730067263,0.8966069855680878,0.004900400411400861,129,0.6853404280399831,0.6878478722045774,0.6769508172470605,0.6874231456506538,0.6845468616885666,0.6844218249661683,0.003935000575833993,103,0.8275662422180176,0.01781387723376965,0.09746012687683106,0.012119792192742574,"{'n_factors': 7, 'n_epochs': 80, 'lr_all': 0.0075, 'reg_all': 0.08}",7,80,0.0075,0.08
115,0.8956296764697342,0.901213251615478,0.8856441320453745,0.893151208634355,0.8928791918718347,0.8937034921273554,0.005020845478386936,75,0.6845002693226799,0.686297036061804,0.6747999262489888,0.6867107413248488,0.6827192667081513,0.6830054479332945,0.004340754043173625,76,0.8384318351745605,0.05328245400769226,0.11235122680664063,0.01920516508054274,"{'n_factors': 7, 'n_epochs': 80, 'lr_all': 0.0075, 'reg_all': 0.1}",7,80,0.0075,0.1
116,0.8935752185450299,0.9001874802565869,0.8843198413085213,0.8917319555924912,0.8920893853481576,0.8923807762101573,0.005056794812460868,56,0.6837981960093922,0.6858090759193254,0.6746242386174194,0.6866937882998833,0.6826873159035411,0.6827225229499122,0.004290414406785852,70,0.7947136402130127,0.014184217817914124,0.12864127159118652,0.006097853449314869,"{'n_factors': 7, 'n_epochs': 80, 'lr_all': 0.0075, 'reg_all': 0.12}",7,80,0.0075,0.12
117,0.8984483609138699,0.9031529969148695,0.8867897863617454,0.8944469884312914,0.8957480530538869,0.8957172371351326,0.005367744764767551,114,0.6865825292854103,0.6885517159876241,0.6760482147472345,0.6879963258643917,0.6859701240348283,0.6850297819838977,0.004586245067662764,116,0.9328907489776611,0.027028344518270124,0.11775741577148438,0.028475513371654285,"{'n_factors': 7, 'n_epochs': 90, 'lr_all': 0.0025, 'reg_all': 0.08}",7,90,0.0025,0.08
118,0.8994606457128146,0.9034960845563502,0.8871156042318513,0.8947382127608146,0.8960861384971089,0.896179337151788,0.005450478114776187,120,0.6883086787007526,0.6895990757134098,0.6769942583241133,0.6890386369019074,0.6871926497057106,0.6862266598691786,0.004685842091399409,131,0.9508395195007324,0.024462457882602883,0.11877908706665039,0.020956824666866394,"{'n_factors': 7, 'n_epochs': 90, 'lr_all': 0.0025, 'reg_all': 0.1}",7,90,0.0025,0.1
119,0.8995121843858254,0.9037541325897807,0.8875583825327676,0.8950802710757603,0.8960247973704426,0.8963859535909153,0.005363294364007599,125,0.6890594225549662,0.6905155015128265,0.6778011036245738,0.6900102841448796,0.6877942133140467,0.6870361050302586,0.0047096864912113,144,0.9593038558959961,0.028264706691478386,0.11155743598937988,0.019585071608484862,"{'n_factors': 7, 'n_epochs': 90, 'lr_all': 0.0025, 'reg_all': 0.12}",7,90,0.0025,0.12
120,0.8937151319972534,0.8999363943743612,0.8837566258099964,0.8911274026716709,0.8917899768470423,0.892065106340065,0.005189712768822863,51,0.6821180386825432,0.6844384203025946,0.6727952508191944,0.684539062535191,0.6817547796894226,0.681129110405789,0.004322081959334632,27,0.8913679122924805,0.032535701422674736,0.14516839981079102,0.009129712558771602,"{'n_factors': 7, 'n_epochs': 90, 'lr_all': 0.005, 'reg_all': 0.08}",7,90,0.005,0.08
121,0.8927556897371944,0.8991022347533655,0.882697946018726,0.8905692521677031,0.8912301293981506,0.891271050415028,0.005244500288061937,35,0.682248804699957,0.685102264383777,0.6729621525594509,0.685130503398691,0.6815212067138192,0.681392986351139,0.004462187829636968,36,0.9504173755645752,0.0814787865541769,0.12405738830566407,0.01864827513334128,"{'n_factors': 7, 'n_epochs': 90, 'lr_all': 0.005, 'reg_all': 0.1}",7,90,0.005,0.1
122,0.8931132723502226,0.899111274490549,0.8824837765916737,0.8901617242652023,0.8907015526162975,0.891114320062789,0.005357446904867659,32,0.6834422289359049,0.6855097817308753,0.6734787419775146,0.6853747810074277,0.6825586905772273,0.6820728448457899,0.0044426384174070695,54,0.9219163417816162,0.058329897538299806,0.0875124454498291,0.008653029696304,"{'n_factors': 7, 'n_epochs': 90, 'lr_all': 0.005, 'reg_all': 0.12}",7,90,0.005,0.12
123,0.898990067315537,0.9083834500108912,0.8920266292856669,0.8971857081132988,0.898117812383091,0.8989407334216969,0.005305270573489939,156,0.6862448959677576,0.6902461210562959,0.6800695126632026,0.6886390739630552,0.6860333891919418,0.6862465985684507,0.0034618483520357417,132,0.8575306415557862,0.01909842063181829,0.11575212478637695,0.024696877012930645,"{'n_factors': 7, 'n_epochs': 90, 'lr_all': 0.0075, 'reg_all': 0.08}",7,90,0.0075,0.08
124,0.8973550849189167,0.9031860063953764,0.8873598292819611,0.8937216635749929,0.8938973495631164,0.8951039867468727,0.005171561660950479,100,0.6852746040455083,0.6870661374905126,0.6759103881665269,0.6864668105870194,0.6830302085468568,0.6835496297672848,0.004061505075758532,84,0.9257919311523437,0.03218652076982322,0.11955122947692871,0.017345408985098894,"{'n_factors': 7, 'n_epochs': 90, 'lr_all': 0.0075, 'reg_all': 0.1}",7,90,0.0075,0.1
125,0.8959346269969035,0.9015292048190185,0.8863010585852509,0.892935126238858,0.8939984622137901,0.8941396957707642,0.004914097876146292,83,0.6850181057814609,0.6870097728170534,0.6760896184338476,0.6872376652672123,0.6843529052206391,0.6839416135040428,0.004080671069257056,93,0.8651886940002441,0.037692450359921754,0.11914668083190919,0.018221333269722365,"{'n_factors': 7, 'n_epochs': 90, 'lr_all': 0.0075, 'reg_all': 0.12}",7,90,0.0075,0.12
126,0.8971111931117279,0.9016860879389744,0.8854436495917317,0.8930723842455747,0.8938189837899007,0.894226459735582,0.005340476017925031,85,0.6855455783913705,0.6873860908458259,0.6746104620941035,0.6868079638254208,0.6843342266156552,0.6837368643544752,0.004683332409771497,88,0.9097249031066894,0.019586671089942158,0.09791860580444336,0.008468928337944222,"{'n_factors': 7, 'n_epochs': 100, 'lr_all': 0.0025, 'reg_all': 0.08}",7,100,0.0025,0.08
127,0.897228744091607,0.9019297081074683,0.885985700023999,0.8928410773621226,0.8940753600935629,0.894412117935752,0.005254210464827414,88,0.6864677809217341,0.688082191484404,0.6756570801538168,0.6873148870446849,0.6852307069813328,0.6845505293171945,0.00454634456899873,106,0.9429465770721436,0.039211934920989074,0.11063709259033203,0.022483514640357655,"{'n_factors': 7, 'n_epochs': 100, 'lr_all': 0.0025, 'reg_all': 0.1}",7,100,0.0025,0.1
128,0.8977080433598672,0.9022766138567658,0.8858114888040274,0.8934174722511061,0.8946324781290356,0.8947692192801604,0.005423735129158124,95,0.6875529842206223,0.6890247356180914,0.6762712590874491,0.6886975793060364,0.686654551036303,0.6856402218537004,0.004759566259463172,125,1.0886173248291016,0.11470002079718607,0.11552934646606446,0.017855453298798223,"{'n_factors': 7, 'n_epochs': 100, 'lr_all': 0.0025, 'reg_all': 0.12}",7,100,0.0025,0.12
129,0.8943395237645747,0.899855060822054,0.8849616712315268,0.8922657721852693,0.8923111481959505,0.892746635239875,0.004776893362081361,60,0.6825287066252118,0.6839674549060925,0.6732743681322747,0.6857754654358601,0.6819760031066768,0.6815043996412232,0.004320038831405993,42,1.083101177215576,0.06309153890543573,0.1059119701385498,0.019998256597511657,"{'n_factors': 7, 'n_epochs': 100, 'lr_all': 0.005, 'reg_all': 0.08}",7,100,0.005,0.08
130,0.8931986910113111,0.8994610135643778,0.8826683607694593,0.8909190435218909,0.8905270048113169,0.8913548227356711,0.00539332898122874,38,0.6830834988068316,0.6852112289575254,0.6727238900144037,0.685266907312146,0.6811879995206188,0.681494704922305,0.004638697880524008,39,1.0415572643280029,0.027926355615642842,0.11484489440917969,0.023090844426920137,"{'n_factors': 7, 'n_epochs': 100, 'lr_all': 0.005, 'reg_all': 0.1}",7,100,0.005,0.1
131,0.8931997869130612,0.899490420984577,0.8830576849859155,0.8901094706261857,0.8907897336556757,0.8913294194330831,0.005297194491953079,37,0.6834583464969581,0.6860626753562251,0.673645024317132,0.6854354743228682,0.6826113642173669,0.6822425769421101,0.004479280218555884,59,0.9758361339569092,0.037817916045988303,0.11716995239257813,0.026330328184429146,"{'n_factors': 7, 'n_epochs': 100, 'lr_all': 0.005, 'reg_all': 0.12}",7,100,0.005,0.12
132,0.9013301900409889,0.9101491253857125,0.8936530472206156,0.9006770005808251,0.8991272157396719,0.9009873157935628,0.005317971060361583,161,0.6870316845939519,0.6916142484422937,0.6795473488924123,0.6919048486049435,0.6861697681338504,0.6872535797334903,0.00450021360637321,146,0.9717731952667237,0.0038921222679060953,0.10759358406066895,0.016976550995916072,"{'n_factors': 7, 'n_epochs': 100, 'lr_all': 0.0075, 'reg_all': 0.08}",7,100,0.0075,0.08
133,0.9000046635791265,0.9045874079037818,0.8914523083977244,0.8975134443233982,0.8979637712288948,0.8983043190865849,0.004244051901020595,150,0.6874110477408396,0.6884648298837251,0.6790513537446958,0.6897553935541457,0.6870073033995887,0.686337985664599,0.003765543684568162,133,1.005643653869629,0.04257718400482248,0.09654245376586915,0.01781333228493985,"{'n_factors': 7, 'n_epochs': 100, 'lr_all': 0.0075, 'reg_all': 0.1}",7,100,0.0075,0.1
134,0.8988759944513173,0.9042428018271033,0.8861742214620287,0.8950893044416839,0.895264065887736,0.8959292776139739,0.005900966142256125,118,0.6873377306844535,0.6890207728975173,0.6755958129736932,0.6887289692024914,0.6845460919128163,0.6850458755341944,0.004983393504706483,117,0.9688155651092529,0.04719525470505312,0.10861372947692871,0.00505239427493591,"{'n_factors': 7, 'n_epochs': 100, 'lr_all': 0.0075, 'reg_all': 0.12}",7,100,0.0075,0.12
135,0.9018199939419037,0.9053801270507366,0.8899899662847881,0.8970198888252704,0.8982666460473709,0.898495324430014,0.005157989059596599,151,0.6894822470808708,0.69059107457331,0.6787901068669391,0.6903641421442999,0.6885629981975034,0.6875581137725847,0.00444213176829676,151,0.7764473915100097,0.03995333919637283,0.09891729354858399,0.011576700460301886,"{'n_factors': 10, 'n_epochs': 80, 'lr_all': 0.0025, 'reg_all': 0.08}",10,80,0.0025,0.08
136,0.902539295981339,0.9059684242095954,0.8895356363866812,0.8971664735778413,0.8985333862899325,0.898748643289078,0.005548393950109528,155,0.691016498121164,0.6918068164638137,0.6794064787615993,0.6914285680410149,0.6894025328248338,0.6886121788424852,0.004675212984232167,158,0.7679174900054931,0.048574096942323154,0.10062260627746582,0.011401909100458425,"{'n_factors': 10, 'n_epochs': 80, 'lr_all': 0.0025, 'reg_all': 0.1}",10,80,0.0025,0.1
137,0.9023163189976118,0.906564107052187,0.8897641139250249,0.8971600377045267,0.8990415943890692,0.8989692344136839,0.00560174504090011,157,0.6913760165172302,0.6930287924257407,0.6798883101218594,0.692115270481927,0.6906311755007645,0.6894079130095043,0.004825623149573794,162,0.8278099060058594,0.05984093201014399,0.10633740425109864,0.022607962324383557,"{'n_factors': 10, 'n_epochs': 80, 'lr_all': 0.0025, 'reg_all': 0.12}",10,80,0.0025,0.12
138,0.8939365835742442,0.8989344863304172,0.8840850042159331,0.8912956785071987,0.8917250657710218,0.8919953636797631,0.004797002501286226,48,0.6827949650269671,0.6846252583945834,0.6731907966872386,0.685109635249134,0.6817887031321033,0.6815018716980054,0.004326657665237629,41,0.7542402744293213,0.01833679767627307,0.11388282775878907,0.009012156009934933,"{'n_factors': 10, 'n_epochs': 80, 'lr_all': 0.005, 'reg_all': 0.08}",10,80,0.005,0.08
139,0.8942436023868704,0.8989435190242334,0.8830044019309986,0.8902423683313455,0.891494778284548,0.8915857339915991,0.005227875843306213,43,0.6837505330161615,0.6848200999851617,0.6728025932608321,0.6852998925763613,0.6824771254251739,0.6818300488527381,0.004616971804489697,50,0.827864122390747,0.03587862076975443,0.11702399253845215,0.022393848358490325,"{'n_factors': 10, 'n_epochs': 80, 'lr_all': 0.005, 'reg_all': 0.1}",10,80,0.005,0.1
140,0.8930977465017564,0.8993135769646182,0.8829024857186148,0.890313638503486,0.8907711538023191,0.8912797202981588,0.00527670513350098,36,0.6830552101238173,0.6862212825328857,0.6734599252909526,0.685786875817035,0.6824426567350549,0.6821931900999492,0.004609020113410372,57,0.8014156341552734,0.044524919206974406,0.09009203910827637,0.01135755153732899,"{'n_factors': 10, 'n_epochs': 80, 'lr_all': 0.005, 'reg_all': 0.12}",10,80,0.005,0.12
141,0.8980103717302514,0.9042739137259544,0.8879830590401233,0.8971016973797452,0.894653919571782,0.8964045922895713,0.005272149091676877,128,0.6852507035340549,0.6876035534353124,0.6753682615607355,0.6892685248376244,0.683314586503983,0.684161125974342,0.004840539286118328,98,0.8428750991821289,0.052630325787854475,0.10047340393066406,0.011656029852166471,"{'n_factors': 10, 'n_epochs': 80, 'lr_all': 0.0075, 'reg_all': 0.08}",10,80,0.0075,0.08
142,0.8966221243479644,0.9015200461018081,0.8869689966630669,0.8931689961908786,0.8933949275477825,0.8943350181703,0.004761452121454584,86,0.6846191221423783,0.6862670481124027,0.6757702955169106,0.6870210793180244,0.6833941230692697,0.683414333631797,0.0040256635944122205,82,0.8046604633331299,0.02407369448607256,0.09180893898010253,0.012263442125674632,"{'n_factors': 10, 'n_epochs': 80, 'lr_all': 0.0075, 'reg_all': 0.1}",10,80,0.0075,0.1
143,0.8947925193993688,0.9012389433964659,0.8854868472996638,0.8931713709681225,0.8922954254413081,0.8933970213009857,0.005045363046127432,66,0.6842111866208206,0.6871368725208397,0.6756003167917078,0.6880529832004749,0.6835174363685758,0.6837037591004838,0.00439681689701657,87,0.8060205936431885,0.0210644892759494,0.1038661003112793,0.008574967846245436,"{'n_factors': 10, 'n_epochs': 80, 'lr_all': 0.0075, 'reg_all': 0.12}",10,80,0.0075,0.12
144,0.8992769841583445,0.9034463373751821,0.88758310841189,0.8947489450658966,0.8960624363448747,0.8962235622712376,0.005260223679365199,122,0.6874334195534723,0.6886460256348417,0.6764864883312264,0.6885933632064997,0.6863173904532492,0.6854953374358578,0.004585104043548305,124,0.9374894142150879,0.04793630204408234,0.10743646621704102,0.007414331454551161,"{'n_factors': 10, 'n_epochs': 90, 'lr_all': 0.0025, 'reg_all': 0.08}",10,90,0.0025,0.08
145,0.8993843992163529,0.9033606364373113,0.8875146446725841,0.895535651234916,0.8961408442520208,0.8963872351626371,0.0052367945037681335,126,0.6881889793592879,0.6893315545349391,0.6770528530576361,0.689906444488084,0.6872148807229107,0.6863389424325715,0.004735064065233087,134,0.9654168128967285,0.047453443313752564,0.10503501892089843,0.014896777446912361,"{'n_factors': 10, 'n_epochs': 90, 'lr_all': 0.0025, 'reg_all': 0.1}",10,90,0.0025,0.1
146,0.900085328443236,0.9040916036431129,0.8876925249063374,0.8949637269511285,0.8964067228429716,0.8966479813573572,0.005483028114893712,130,0.6893599213771863,0.6907424064435582,0.6781339048115806,0.6901587135399294,0.6884248105932907,0.687363951353109,0.004680336148234163,148,0.8942310333251953,0.035183821607799495,0.10168533325195313,0.005720374058629024,"{'n_factors': 10, 'n_epochs': 90, 'lr_all': 0.0025, 'reg_all': 0.12}",10,90,0.0025,0.12
147,0.8949946260976795,0.9012263029166231,0.8846135848404699,0.8917152488351747,0.8904929865342002,0.8926085498448295,0.005461722953920095,59,0.6837989790986237,0.6858127977184796,0.6731183959597661,0.6851386480994107,0.6809002177525214,0.6817538077257603,0.004634958948494684,48,0.9028807163238526,0.014930526014988012,0.11802144050598144,0.01627772204041859,"{'n_factors': 10, 'n_epochs': 90, 'lr_all': 0.005, 'reg_all': 0.08}",10,90,0.005,0.08
148,0.8934527920946853,0.9000156497186088,0.8837176823801849,0.890632952694236,0.8906027931308858,0.8916843740037201,0.005258915039453896,45,0.6828035388062025,0.6855301438277013,0.6734381751281577,0.6855492746426628,0.6814855016731711,0.6817613268155791,0.0044494869314557674,49,0.8760834217071534,0.03433030304985257,0.10535712242126465,0.011733892241056969,"{'n_factors': 10, 'n_epochs': 90, 'lr_all': 0.005, 'reg_all': 0.1}",10,90,0.005,0.1
149,0.8938452006438791,0.8987211967531903,0.8834494457772929,0.8904077688106719,0.8912115950899605,0.8915270414149988,0.00497452635079028,41,0.6838887487205701,0.6856002769173872,0.6739203521303399,0.685539563968048,0.6829522356123852,0.6823802354697461,0.004347929300072942,65,0.9222672939300537,0.027201641448325983,0.10431914329528809,0.019938720595801023,"{'n_factors': 10, 'n_epochs': 90, 'lr_all': 0.005, 'reg_all': 0.12}",10,90,0.005,0.12
150,0.9000942274186928,0.9072136660869361,0.889715294237071,0.8980576472587496,0.8979451476556319,0.8986051965314162,0.005587285541280368,153,0.6870664334341842,0.6901360342347365,0.6767147405460723,0.6907591779516945,0.6854975538794056,0.6860347880092187,0.005046905555670335,129,0.9353118896484375,0.04470762052304733,0.09601426124572754,0.02033958269421193,"{'n_factors': 10, 'n_epochs': 90, 'lr_all': 0.0075, 'reg_all': 0.08}",10,90,0.0075,0.08
151,0.8976525292170359,0.9048932193124294,0.8872346890573221,0.8962556007118999,0.895324541697888,0.8962721159993151,0.005635640487652731,124,0.685296322949735,0.6892639895021377,0.6764969904447953,0.6887665977090626,0.6847491489828237,0.6849146099177108,0.004577866587500128,111,0.9107783317565918,0.03909681003003991,0.1161264419555664,0.016402468091632837,"{'n_factors': 10, 'n_epochs': 90, 'lr_all': 0.0075, 'reg_all': 0.1}",10,90,0.0075,0.1
152,0.8966188603657775,0.9024050567194777,0.8864520178539318,0.8935655318282008,0.89327989117996,0.8944642715894696,0.005178899908503829,90,0.6858693415784854,0.6876437883017978,0.6762447958019282,0.6874886069650864,0.6831802209398392,0.6840853507174274,0.004236055141724771,97,0.8758099555969239,0.0629014002544275,0.12084732055664063,0.020796772970667413,"{'n_factors': 10, 'n_epochs': 90, 'lr_all': 0.0075, 'reg_all': 0.12}",10,90,0.0075,0.12
153,0.8977377112927454,0.9023571164693569,0.8857110592854679,0.8936840417664064,0.8938599668849913,0.8946699791397936,0.00548440513090021,93,0.6862185697476236,0.687714752269339,0.6750211802267279,0.6878313067597894,0.6842986716412478,0.6842168961289454,0.0047722853487960825,99,1.0407877445220948,0.03339596699986281,0.09767427444458007,0.018194966025353625,"{'n_factors': 10, 'n_epochs': 100, 'lr_all': 0.0025, 'reg_all': 0.08}",10,100,0.0025,0.08
154,0.8977909132589534,0.9025979282282868,0.8858012965727762,0.8934918986446968,0.8944940254804553,0.8948352124370338,0.005523195816390585,96,0.6868846324899492,0.6887739012195933,0.6756007857860846,0.6880581200517767,0.6854622185463616,0.6849559316187531,0.004810310426594925,112,0.9761774063110351,0.047080568060458516,0.08990941047668458,0.006402147194213319,"{'n_factors': 10, 'n_epochs': 100, 'lr_all': 0.0025, 'reg_all': 0.1}",10,100,0.0025,0.1
155,0.8980775870252812,0.9024403628758045,0.8858391705349984,0.8937065691944686,0.8948714754250743,0.8949870330111255,0.00548525257777117,98,0.6877817868004715,0.689135067063638,0.6765433399131366,0.6886787260792607,0.6866814306980049,0.6857640701109023,0.004686009738260558,127,0.9908684253692627,0.015610615143655878,0.11009292602539063,0.014150647802262913,"{'n_factors': 10, 'n_epochs': 100, 'lr_all': 0.0025, 'reg_all': 0.12}",10,100,0.0025,0.12
156,0.8944977599520592,0.9016163941835176,0.885406615936751,0.8933082213435802,0.8921848592409507,0.8934027701313717,0.0051786745619285274,67,0.682773111937278,0.6858699805807311,0.6740650525363582,0.6866582461268209,0.6824077858249104,0.6823548354012198,0.004467076190547897,64,1.0082597255706787,0.05111860525206196,0.12187380790710449,0.012269123584556832,"{'n_factors': 10, 'n_epochs': 100, 'lr_all': 0.005, 'reg_all': 0.08}",10,100,0.005,0.08
157,0.8941917321443399,0.8994175830630685,0.8835163039060334,0.891334253156397,0.8916034783240402,0.8920126701187756,0.005145813314619212,50,0.6832084343833968,0.6853345239830622,0.6732862825197434,0.6853898905370733,0.681958980539064,0.681835622392468,0.004469142571870949,51,1.0037100791931153,0.026537851441863033,0.101829195022583,0.02002343720984251,"{'n_factors': 10, 'n_epochs': 100, 'lr_all': 0.005, 'reg_all': 0.1}",10,100,0.005,0.1
158,0.8936784554346129,0.8990974341252603,0.8838224305338855,0.8898077977024811,0.8907038540531333,0.8914219943698747,0.004997573788711116,40,0.6838324892985526,0.6860506063359217,0.6745048681756075,0.6848585185479172,0.6820930261544972,0.6822679017024993,0.004093002695482561,61,0.9957558155059815,0.038991277566165015,0.09546561241149902,0.016280992925864247,"{'n_factors': 10, 'n_epochs': 100, 'lr_all': 0.005, 'reg_all': 0.12}",10,100,0.005,0.12
159,0.9034841285365295,0.9089060060371694,0.8924008841930007,0.899662326251473,0.9010067271887037,0.9010920144413752,0.005373410494898062,162,0.689887199083756,0.6914730717488135,0.6792628789381027,0.690512702055333,0.6884377920702359,0.6879147287792482,0.004436891024457983,154,1.0239312648773193,0.040592754403954066,0.09806256294250489,0.01525644025934131,"{'n_factors': 10, 'n_epochs': 100, 'lr_all': 0.0075, 'reg_all': 0.08}",10,100,0.0075,0.08
160,0.8989189445313281,0.9074878431445245,0.8892180652490469,0.8965121717733675,0.8983603724341501,0.8980994794264834,0.0058357523062334965,143,0.6864036193379394,0.6912022723898794,0.6778332429343022,0.6892755505921555,0.6872729893369742,0.6863975349182502,0.004593082429834326,136,1.046621561050415,0.03792013453025231,0.08676018714904785,0.014472868680562552,"{'n_factors': 10, 'n_epochs': 100, 'lr_all': 0.0075, 'reg_all': 0.1}",10,100,0.0075,0.1
161,0.8981097953519954,0.9036162063074509,0.8874893412789293,0.8953207536053597,0.8941429346518484,0.8957358062391167,0.0052621330744667,115,0.6870931267215515,0.6887058655463023,0.676830828949077,0.6894631100304062,0.6837764175750496,0.6851738697644773,0.004606849817351224,118,0.8818706512451172,0.05449587197816361,0.06972622871398926,0.005658994940990432,"{'n_factors': 10, 'n_epochs': 100, 'lr_all': 0.0075, 'reg_all': 0.12}",10,100,0.0075,0.12
